Size,Weight,Sweetness,Crunchiness,Juiciness,Ripeness,Acidity,RowNum,Quality
1030,-1648,-265,1527,-1968,-1265,-1795,800,1
-266,-1726,-4151,-1165,2812,3476,254,801,1
-520,-634,-548,-56,-1813,-452,-2175,806,1
-839,-2616,-1401,-82,2823,2123,2645,810,1
-4399,3196,-3510,-1896,724,3729,-14,811,1
2380,-946,-1597,379,-3310,-403,-1107,812,1
1300,1959,51,1980,-2726,-2915,-1455,814,1
-913,-935,1066,38,-906,-507,-24,815,1
775,1714,-296,8,995,-1544,-3135,821,1
1245,-3652,3173,684,-4078,-833,-1545,822,1
1106,-2449,-1727,400,724,1419,-262,834,1
2901,-3485,2499,905,-2488,-2761,-2735,837,1
-3496,557,2151,-872,3851,100,-2075,841,1
187,2182,-348,-827,-2142,-4708,2195,843,1
-3219,-339,302,162,2001,2497,1375,844,1
-1253,1488,-2934,-990,1287,2299,-947,845,1
104,-92,1467,-27,-215,-3707,1415,846,1
-3081,993,-4162,-266,-3699,150,-3115,856,1
-594,-467,-2510,-1829,2293,-387,4115,858,1
-73,-412,2032,-249,-46,-1761,-1535,859,1
-1296,-69,-1956,158,173,1760,38,861,1
-743,-2639,-703,-101,2672,2112,2485,862,1
-187,155,-609,-1072,-1363,1507,-237,863,1
1785,488,-1184,74,-2217,-632,-1535,866,1
-236,72,-767,632,-1194,-62,-527,868,1
-639,532,-3053,-823,-1315,2717,-720,869,1
-1498,-434,1597,-235,2996,-3487,5015,871,1
311,-890,-3488,-48,778,1507,2635,873,1
1035,935,-606,-437,378,-1980,-1435,874,1
862,112,-3814,1780,-165,3685,-1885,875,1
503,1468,-1673,2665,-2769,-2849,430,877,1
-2380,208,-2206,-1019,833,3487,-1275,878,1
1849,-1325,-2564,-80,-3710,-446,-3035,879,1
-3591,-1670,2738,1400,-1624,-561,3075,880,1
2167,-746,-2445,-2317,1860,-1892,1855,882,1
730,-824,-2749,-1413,2477,1474,-1455,883,1
181,-1536,895,516,-2780,-567,-1215,885,1
-3304,-4131,1109,368,1590,2541,3825,887,1
88,-1169,20,2011,-2672,-935,-686,888,1
1647,373,-1673,-155,-4348,-625,-232,890,1
-913,-445,1071,2138,-2250,-675,-909,892,1
-2189,-1915,-116,-95,2801,3608,-877,898,1
880,216,1651,1432,-500,-4136,3305,900,1
-743,917,-2695,979,876,3608,-2255,901,1
1625,-1102,-3988,3455,-4078,-781,-1295,906,1
-1115,-1670,1122,-2085,38,1243,-3215,907,1
-113,129,3607,316,-1083,-2079,778,908,1
-545,685,-319,-649,-1968,1298,727,909,1
-1115,528,257,463,-4143,-64,1175,913,1
-3538,-1380,-1858,1495,-632,1188,-3335,914,1
1417,-389,-164,1896,-4143,-2266,97,916,1
-2422,336,-2423,1653,-454,150,-1915,919,1
-208,2249,-2836,-723,833,1232,-124,921,1
-3081,-389,-2108,-3096,1536,3278,-4575,923,1
-1030,-1035,2466,1390,735,-1855,3295,924,1
-2837,-1514,-1130,81,1449,4158,-57,926,1
474,-241,-923,642,161,924,-355,928,1
-1179,399,-179,-490,476,253,-1555,931,1
-2380,-2984,-3314,-1779,3018,4719,1865,932,1
-68,740,437,-139,-1613,-1540,-507,933,1
-1625,-2316,1586,1748,-1580,-1410,-2545,935,1
2805,-1269,-2629,1695,-5181,-1339,-1335,936,1
-1572,-1202,-733,-501,-1936,2134,-1665,937,1
-2019,1148,1391,-821,346,-2211,-217,938,1
-2550,3374,-2999,379,1179,858,374,940,1
-1987,97,-1304,-173,-3018,1386,-686,941,1
-690,-1826,-460,1295,-1806,1298,82,943,1
-1487,-902,-168,-480,-1600,990,-1705,946,1
2189,-4008,-1456,230,-63,4224,-2125,954,1
1120,1051,-2738,-425,-896,616,-548,955,1
-225,599,220,400,-1347,-1109,-2285,956,1
-3103,-1180,-1260,-1022,-1979,1870,-3395,958,1
853,868,-2597,2348,-2261,-2761,-1345,961,1
-1732,2539,-3238,-205,-4110,304,407,964,1
-4697,1340,-2684,-859,-834,3036,-1525,965,1
1668,353,-3053,-496,1060,-344,60,966,1
2359,2026,-431,3012,-2812,-2002,-1118,967,1
-1785,-690,-815,1063,-1794,38,-1805,969,1
-110,-1057,41,94,-2661,-57,-1505,970,1
1036,-968,-3292,-183,1428,35,2325,971,1
-690,133,-16,2317,-1947,-3223,-1315,973,1
-646,417,-1738,-627,2812,41,2545,975,1
3464,-2461,-6194,-1927,5647,1452,2505,976,1
1321,557,-1923,1769,-2012,-159,434,977,1
-1466,-1547,-184,642,1925,825,2785,978,1
-2433,-2138,218,1443,-655,946,3845,979,1
-39,269,-3825,-1429,2423,2365,-467,980,1
-2391,1091,2216,-1721,1666,16,-710,982,1
-2731,114,-923,-444,231,2475,-1147,984,1
-597,-354,-2053,-771,1200,1012,1155,986,1
1604,555,-3097,-456,2012,-369,-70,987,1
704,1511,-1314,1790,-2228,-900,-190,990,1
767,1041,-234,-603,274,-4158,5395,991,1
975,1301,-1890,1780,1081,649,-823,992,1
649,139,-1706,-119,57,-1003,-2585,995,1
3358,367,-4096,-901,1525,-632,-1645,997,1
-1020,197,441,97,1038,72,-972,998,1
-604,567,43,505,703,-917,1035,999,1
-1147,-1325,-524,1264,-3018,1100,590,1000,1
226,1681,-3271,474,-2228,880,855,1001,1
581,-2227,-4031,663,-5690,3267,-357,1004,1
-1764,-434,-331,-1159,-265,-485,3475,1005,1
-173,-1035,-5933,2433,-4327,1727,-2175,1007,1
1048,-757,-2564,-1959,2769,704,-1000,1008,1
-3793,-125,390,495,1871,1023,4115,1010,1
-4,-95,-2347,-842,-524,-1406,3345,1012,1
493,1210,-141,1843,-4143,-1113,-3295,1013,1
-170,1306,-1173,-878,236,-1436,-657,1014,1
615,-1525,-1075,1337,-4078,-137,-1105,1016,1
1870,-2071,-2814,316,-386,1353,433,1017,1
973,1263,2477,-557,-2325,-2541,1025,1019,1
833,-601,-1249,-1015,-1152,660,-2315,1020,1
-1827,1202,-3499,-1449,746,4246,-643,1022,1
-3496,-2951,-1923,-530,3494,4686,2635,1025,1
-1083,-1648,-2912,1611,-1775,704,-3325,1026,1
109,-3006,4716,1622,-2856,-3773,-2165,1027,1
684,-1158,-126,38,315,-1659,1095,1032,1
-1253,123,-38,252,2185,935,965,1033,1
-3825,208,2619,1422,-701,171,1705,1034,1
-2146,-378,-1173,-1769,-437,4202,-892,1036,1
-363,-478,-1162,-126,659,-584,1875,1037,1
320,-924,-1923,-514,1027,-123,2325,1038,1
592,-757,-1749,1622,-3948,-48,-394,1043,1
944,-83,-2966,-1442,3689,180,895,1044,1
1647,-1937,-644,1716,-4651,-1645,-1615,1045,1
73,-991,708,400,-2358,-231,-786,1048,1
1806,-123,-1108,2907,-7042,-3047,1195,1049,1
2539,-902,-2249,-1238,-743,-1062,-175,1051,1
-839,-645,-1543,-49,-554,561,-438,1053,1
-142,-913,-3325,20,-341,1749,797,1056,1
1195,-2071,-711,1443,-2693,238,-1465,1057,1
-1115,-1837,-1793,-77,56,3025,-2495,1059,1
2752,500,-6074,1306,-230,4763,-5065,1062,1
931,1423,-3314,1601,-425,1584,1735,1063,1
-177,320,-368,-343,101,-1006,1025,1064,1
-2996,3129,13,-3581,3818,4290,1335,1065,1
674,1224,-1249,1780,-1424,-291,1045,1066,1
-1009,-315,4020,1464,-1582,-2937,445,1067,1
-765,1177,-2716,-141,2704,825,665,1069,1
-913,-489,-1141,200,-1137,2310,-162,1070,1
-3485,489,-51,-1518,-2044,1991,-820,1074,1
103,1638,248,916,-711,-347,2065,1076,1
-139,-1547,-1336,-856,2910,52,3035,1077,1
2635,351,-3477,-1669,919,-1021,-907,1085,1
-319,890,677,-33,84,-3245,3985,1086,1
-4760,-1648,346,-537,1633,2915,3165,1088,1
-122,-1336,-2010,1032,-2499,2706,-3195,1089,1
1753,-534,-5422,-545,3732,3432,-1505,1091,1
-1817,-1,-520,1464,-86,1298,-662,1092,1
2858,-4008,176,-2433,-5171,352,-4565,1093,1
-1806,1086,-1706,811,-213,1881,765,1094,1
-596,-501,1608,-1446,-2466,-473,-1395,1096,1
-1349,781,-1771,-1256,-692,1144,-1635,1100,1
-2157,-142,2358,832,-682,-608,82,1102,1
-2157,-1492,-2477,-115,-559,2376,-3725,1103,1
-132,1652,634,195,-2791,-1859,1075,1104,1
-5961,-167,6303,1295,778,-1856,5225,1110,1
-1073,-1804,-1412,-656,3158,1309,1685,1113,1
-2114,-423,-236,-845,-624,1562,-1765,1115,1
-924,-645,-1499,-308,3050,1078,1765,1122,1
-4750,-1069,2390,-2212,-136,935,-3615,1124,1
1519,1033,-1717,1811,411,550,1505,1125,1
379,-1291,647,1232,-461,-102,-967,1126,1
-701,677,-1293,-1173,1049,2563,-520,1128,1
371,1526,-1814,1053,-730,1364,-2505,1129,1
853,-4576,1217,926,-2239,-1414,-5255,1131,1
2019,-3474,-411,1032,-3624,81,-2595,1132,1
-871,-1147,1945,142,-440,-661,-1485,1133,1
-280,-1069,-407,684,-2964,-270,-1425,1134,1
-2231,-128,2379,2875,-2347,704,-1385,1138,1
289,-1191,397,410,-3862,-222,-560,1140,1
-2135,-400,1224,326,833,825,50,1141,1
1806,241,-1651,-468,973,363,-1945,1143,1
2178,-1147,-1108,1042,-715,-1789,2625,1145,1
-3985,-1191,1706,347,-969,-222,4015,1146,1
1721,-3897,1619,-440,-4273,-180,-2795,1152,1
-1891,-1236,-912,-1051,-2109,1661,-2805,1153,1
-536,770,-302,-1438,1547,-4532,5935,1154,1
-2550,-445,-1586,632,-552,3256,113,1155,1
606,-316,-616,252,-3570,924,670,1156,1
419,-1714,1706,832,-3786,-2178,-1425,1158,1
919,-957,61,558,-2250,836,630,1159,1
2093,-338,857,926,-1704,84,1705,1160,1
-514,998,1134,-920,1168,-3476,2345,1161,1
-2093,-3730,591,-1367,-1345,2200,-5115,1163,1
-2072,-1659,681,-975,-1744,269,-3325,1164,1
-1041,-645,698,-1052,-3515,113,-1245,1166,1
4590,710,-5390,-1688,952,-1665,1145,1168,1
-3251,-679,-967,-802,-1114,3575,-1345,1170,1
1275,-423,-4151,-2117,3288,2343,-2125,1173,1
-2189,-556,-2456,-1615,-1621,2739,-2955,1174,1
-573,1142,1977,1021,-335,-1183,1355,1176,1
1063,2427,-1901,1137,-2044,-2189,825,1179,1
1036,361,-815,-185,212,1210,104,1180,1
-1434,-556,-1771,-1938,1244,4961,-1315,1185,1
-556,-344,-128,2243,-4132,638,-780,1187,1
1562,-1681,-1151,1190,-4727,-653,-1355,1189,1
3910,349,-5314,-1750,4165,-1070,1275,1190,1
-2709,-1469,-767,273,1947,2266,2355,1191,1
2507,-590,-3064,347,-899,126,-1265,1192,1
-690,-2193,-710,-940,2206,561,4905,1193,1
-2050,-846,860,1211,-1456,-521,3485,1194,1
-4197,221,3662,1780,-2142,-1675,5335,1195,1
-53,-668,-38,505,-748,1683,243,1196,1
1487,330,-60,3149,-1523,-2057,1435,1199,1
-3347,-1570,-1064,-499,-845,968,-4635,1200,1
-2093,306,1760,-1665,2120,-2750,3695,1202,1
-1020,-3151,1564,1116,-3310,-1258,-3325,1203,1
-2741,3162,-2553,-1838,-776,2838,1105,1205,1
2146,1052,-2401,-642,3656,-304,-1325,1206,1
375,1180,-1358,1032,1027,1716,1715,1210,1
-3942,121,3455,474,-227,-1307,2515,1213,1
436,-1057,625,-1454,3202,-2772,3205,1214,1
-3623,2115,-2314,442,-1178,1023,-45,1215,1
-1795,185,-1021,-2654,605,2255,-2715,1217,1
-1073,177,3912,-669,1958,-1272,-225,1221,1
2433,270,-1836,2275,-2920,-763,1345,1226,1
-581,-301,4,-310,3461,-1091,1695,1227,1
1131,1430,-110,1169,-1352,-2013,-728,1229,1
350,-924,-847,1432,-1400,-2189,-2925,1230,1
-1466,-2561,383,-1708,-1623,1364,-4565,1231,1
-2890,-1458,-290,209,1633,671,5975,1232,1
-903,-790,-1151,1011,-3115,-829,-2025,1233,1
-455,726,1164,1032,-1607,-1776,255,1234,1
1003,489,-4107,2222,-2012,1111,627,1235,1
1015,-657,-2358,1074,-3472,-139,-1265,1236,1
-2369,-1135,-4259,326,-2196,1793,-4565,1238,1
999,-1102,-978,1485,-4089,-15,76,1239,1
-1370,-1525,1901,-1927,-2715,-409,-2975,1242,1
878,-3407,3825,2791,-5041,-3894,-1195,1245,1
-6,-293,-266,-289,1190,-993,429,1247,1
-2050,5,1158,-833,1611,-2992,5175,1249,1
-658,-1469,73,874,-1466,803,-100,1251,1
-1402,-367,-129,218,724,61,1675,1252,1
-754,-297,-2216,273,117,1529,-1615,1255,1
2221,-1158,-2542,2096,-2087,1067,-672,1256,1
2720,-679,-1271,1948,-5311,-3839,-1415,1257,1
304,2204,-694,1337,-1604,36,-4695,1258,1
1308,-1614,-3966,-758,789,1914,-492,1263,1
-1742,-835,-2249,547,-602,3553,-177,1266,1
-476,-902,-90,842,-1090,-917,1825,1267,1
-1668,1465,-3988,-655,-2120,2739,-422,1269,1
-565,-712,2923,-683,120,-908,-1127,1270,1
-3634,1349,-134,-1503,-695,36,-1835,1271,1
-122,-523,-1727,-325,1709,-852,2715,1273,1
-2199,1196,-1141,-76,3050,2486,-23,1274,1
-2274,-355,-1228,-1055,-609,2420,-1985,1275,1
-903,75,320,1464,2250,-478,2505,1276,1
-308,-467,-1238,-450,1449,-337,3185,1280,1
-438,-2182,-2108,-402,-2380,440,-4775,1281,1
3634,489,-4738,-1355,984,18,-2155,1284,1
434,-2472,-3531,474,2964,4180,243,1286,1
-3209,201,1738,726,1373,-370,2095,1287,1
377,501,-1293,-576,-1274,671,-561,1289,1
-839,-3429,1847,252,-1685,1683,-1895,1290,1
380,491,-1793,-249,-601,-609,-591,1292,1
-1742,-445,-679,-1351,1211,1111,91,1293,1
-1413,-1236,-1162,-709,-123,1771,-3055,1294,1
-1625,-2093,-3792,209,-1470,2541,-4395,1299,1
4771,-1080,-319,3223,-4814,-5082,-528,1301,1
-1870,1804,-4281,-130,-997,2651,-285,1302,1
-450,-445,-2140,119,497,1254,134,1303,1
-4675,1729,4640,2528,-2271,-2871,2575,1305,1
-2986,-378,1100,568,-1968,12,1565,1306,1
-1657,-2171,1210,-1082,-4824,946,-1875,1308,1
378,-1703,-317,27,-2607,49,-2385,1310,1
-1976,-2717,227,1116,-2499,902,-2755,1313,1
-4941,-1414,3770,2106,142,-715,3405,1314,1
3591,-4565,2097,1822,-2012,3828,1815,1317,1
-2709,-378,-1586,558,-1236,4818,-1225,1318,1
715,-1202,-3629,-158,-144,2420,-1685,1319,1
-294,38,-467,-563,2336,-1710,2275,1320,1
-765,-2516,366,811,-2618,913,-2045,1321,1
-445,195,779,1158,497,-805,708,1322,1
1062,1710,-1097,-448,-328,-983,-21,1324,1
2433,1359,-3684,1569,-997,240,-1018,1326,1
1562,71,-5759,2570,-1568,1738,-395,1328,1
326,-657,-1467,3971,-3927,-2200,-71,1329,1
1074,-146,-2477,884,-2542,-311,-1128,1330,1
818,-1781,-2271,2970,-4338,-573,-1275,1331,1
944,1307,-4455,-607,-471,2508,-418,1332,1
-2167,-746,-783,642,-4110,119,-1605,1333,1
130,884,-923,-1111,1979,-2343,1245,1334,1
-2146,-1881,-1456,1127,1146,902,-4065,1338,1
120,754,-2292,-2348,887,3256,-964,1342,1
-988,-1169,74,589,-3213,-2684,-3515,1344,1
1010,498,636,1116,-754,-2112,470,1347,1
1721,-412,-3021,-52,150,1606,-1685,1348,1
-3071,-15,1738,737,-1605,462,1645,1350,1
2529,-935,-2586,463,-2910,338,-772,1351,1
-2592,-645,-1032,516,-3624,638,-1615,1352,1
-537,-1792,-219,863,-420,1100,-1755,1355,1
-2221,-545,-711,-788,497,1815,402,1357,1
-4675,-400,-227,1264,-2109,3267,615,1360,1
2199,-270,-3901,99,-2834,-41,-1144,1361,1
2465,-106,1058,1516,-777,-2189,621,1363,1
-267,1135,-233,-803,-3699,339,995,1364,1
-1700,2683,-3325,-1556,-1418,3157,1235,1365,1
-3464,-1392,1706,128,1579,-464,4805,1366,1
-998,661,-1260,2391,-1369,506,1555,1371,1
-517,-567,-580,-376,216,2607,-353,1372,1
-3474,-2561,-1434,-820,3970,5335,1085,1374,1
-1392,1389,-901,-712,1254,825,-767,1375,1
-1710,550,295,-741,151,-1260,2005,1379,1
-1753,1150,-1336,-1714,1060,2673,-676,1380,1
897,-1280,3075,1769,-5300,-4235,-248,1383,1
-2040,-835,40,-147,-768,-55,-2795,1388,1
-3655,159,2086,-2665,605,2871,-470,1390,1
992,602,-3857,-1858,1568,283,-225,1391,1
993,447,-880,-383,-1558,627,307,1392,1
1030,-2427,-440,2707,-4846,-2530,-2265,1395,1
3623,-701,1434,3002,-2553,-5071,-98,1399,1
1583,952,-2695,431,908,-708,-416,1400,1
-5600,1434,2195,1348,1190,2695,1195,1401,1
3400,-913,-2760,-488,952,-517,-614,1404,1
-1041,-467,-44,189,-1011,133,-1215,1407,1
-1083,2026,-2086,-1279,1536,1716,-508,1408,1
-2093,-879,-1858,-709,-1448,3190,-1665,1409,1
-5430,-336,5324,695,217,-3399,5555,1411,1
850,1702,-1249,1611,-2866,-300,-3315,1415,1
-3868,-1069,582,-1227,1298,2090,-3265,1416,1
1001,573,-3694,1716,-1693,715,-54,1417,1
567,108,-2412,1769,-654,1848,-72,1419,1
-807,28,3281,-272,-1882,-5137,4135,1422,1
2082,-2449,-2466,-280,-3191,858,-3495,1423,1
-1243,-1447,-357,1264,605,4004,-1295,1424,1
-2231,1125,2542,1000,1363,-2607,3305,1427,1
1162,1218,-1010,1464,-1212,-372,1635,1428,1
96,-1614,761,-409,-2520,-1376,-2825,1429,1
-1264,-16,-1391,895,-3018,-1120,-1925,1430,1
-2454,-3429,331,-1524,-1118,2607,-4665,1433,1
-137,-1113,-3575,-1013,-406,3872,-2575,1434,1
2306,942,-2271,-1023,1373,-3795,632,1435,1
-24,-1536,-1347,-141,1904,2013,-1168,1436,1
406,1145,492,-963,-972,572,1425,1439,1
-1849,-1180,-793,1274,-1263,693,-1805,1440,1
-903,-1804,716,2138,-2315,704,885,1441,1
-711,-1792,-3347,-277,2628,3344,-350,1443,1
-1009,34,-1564,547,-2152,880,-671,1444,1
2157,-2383,1662,1780,-3927,-2200,-737,1445,1
137,1792,133,326,-1531,-1541,965,1448,1
2242,-879,1956,2085,-3061,-3201,275,1450,1
-2688,-824,-774,1422,-1671,4367,-3385,1453,1
-3570,-1169,-3325,252,-630,3377,-3245,1455,1
955,572,-234,663,-2023,-1651,-174,1457,1
2752,-467,-5748,1316,-3591,2266,-421,1460,1
-4229,-1904,2206,600,540,858,4465,1465,1
-722,-3942,-163,112,2985,2222,1825,1469,1
3730,476,812,1664,-4121,-4004,1365,1471,1
810,-824,-2934,1843,1027,2497,-584,1474,1
-1147,368,-638,969,-2553,-325,2075,1475,1
394,2650,763,263,876,-1139,2355,1482,1
-1338,-1592,1814,-111,454,-652,-3115,1483,1
168,-340,-2901,-324,3407,1771,1785,1484,1
3273,768,-1314,1221,-968,-1101,955,1486,1
-2327,-489,794,842,-1623,1023,465,1487,1
-1509,-2449,-2206,1527,-1517,3355,-1805,1489,1
-261,549,-1532,1021,15,-1255,-1865,1490,1
-4112,-1547,-228,-931,-2347,2431,-2885,1493,1
1405,-412,-3281,1179,-2066,1716,-278,1496,1
3761,1820,-1640,-759,-1042,-3025,-1625,1497,1
-1041,-273,1126,200,-2618,-661,-408,1499,1
-1052,-65,-3510,284,-1557,1859,-1785,1500,1
-5440,-222,3781,-52,3148,12,2875,1504,1
2040,526,-1391,347,616,-705,278,1505,1
-4473,-12,3053,842,-1779,-992,2155,1508,1
3687,-348,-1977,2591,-3148,-590,1275,1509,1
659,-1124,-2412,-1481,2488,-2189,5075,1512,1
-1041,-1057,1192,768,-3386,814,608,1513,1
-2943,2204,-923,-946,-2325,1276,1045,1515,1
-257,-114,8,1021,-571,-1829,2695,1517,1
-558,-240,-1108,-212,4219,-181,2405,1518,1
-1498,-138,-3749,-785,6,3696,-2135,1520,1
-967,-2527,-237,-1326,1979,-1235,4085,1521,1
-1434,-328,-1608,65,-112,847,-2305,1524,1
2752,481,-2271,2233,-3267,-2376,-195,1526,1
-3134,-412,1134,1474,-260,1111,2765,1527,1
-477,-200,-355,990,-3548,-987,-462,1528,1
482,-1013,1640,1042,-3699,-2893,-975,1529,1
2699,-1102,-2032,-1041,1384,-3311,3845,1532,1
-22,-1147,916,-15,-1135,836,-515,1536,1
-1115,995,-3336,-1455,-5614,1177,-957,1537,1
-4293,-846,90,-784,4002,1793,3955,1538,1
-1498,1541,-1717,-485,-1691,1100,525,1539,1
-1477,355,-2195,800,-840,2112,-170,1540,1
65,1230,1934,2117,-1936,-2442,76,1542,1
-3602,-1236,-222,863,-1124,4290,-1725,1545,1
-1700,-1425,80,211,-4078,-3,-1955,1554,1
544,3184,-2412,-453,-2899,-1369,1205,1555,1
-187,-2494,1423,621,-4814,-2739,-3275,1558,1
-1594,497,1499,-1143,-3104,341,616,1563,1
-2210,-746,990,779,-3678,-348,-594,1565,1
-1519,79,674,2159,-2715,396,1025,1567,1
1466,-2282,-357,2770,-5095,-1800,-1186,1569,1
-945,-64,-3423,-1754,300,4301,-1845,1571,1
3496,1698,-1706,726,378,-2739,59,1573,1
1202,283,-4292,-154,112,1738,-2065,1581,1
-371,-2461,1793,1790,-2737,-3828,-3715,1583,1
-1477,1601,-324,832,-706,64,-610,1584,1
-666,-161,36,-975,-3191,1287,74,1585,1
-1307,63,-2401,-1171,-187,1595,-2645,1587,1
-839,-445,-858,-409,1817,-332,2065,1591,1
-2741,1153,1814,-386,1276,-1719,2525,1593,1
-2922,-1848,1061,758,-405,1749,1525,1598,1
1657,-734,-1706,1306,-1257,-426,466,1599,1
-623,-246,-134,-1247,312,-3168,2515,1605,1
744,-467,845,484,76,-760,-936,1607,1
114,-1169,787,-1686,1514,-3014,4425,1610,1
-988,725,1247,316,789,781,1385,1611,1
516,-835,-3173,294,-2185,3047,-1119,1613,1
-2135,-1046,-236,-520,2942,-345,4065,1614,1
241,415,-182,-641,-2747,243,248,1615,1
-860,857,-324,695,-619,22,261,1617,1
-1126,-1670,-1793,-246,-865,2618,209,1618,1
-1020,290,-299,474,-3061,-766,-392,1619,1
329,-356,-2977,-1799,1698,-355,2115,1620,1
-2082,2271,-2662,-93,-1227,858,-48,1621,1
2369,-2305,1246,663,-4998,-1598,-1113,1623,1
-158,-734,-374,1379,-3115,-1980,-1835,1624,1
-2486,-2349,-445,1927,-1186,4378,-557,1625,1
784,880,-1130,198,-627,-465,8,1627,1
-5249,-1080,2542,1358,-1233,2750,766,1631,1
-2592,-201,2749,2917,-2499,1045,1245,1632,1
-1020,1055,105,2654,-2682,1166,509,1635,1
-4091,-1180,-2010,-1234,2715,3652,1525,1637,1
-1530,288,496,2728,-1237,-1548,474,1643,1
2741,-1937,-71,737,-4100,-2266,-2385,1644,1
-1179,1456,-179,1316,908,144,739,1647,1
1519,318,-5672,1295,-255,4994,-3685,1648,1
-1806,-1191,109,-803,2888,1067,855,1650,1
156,1070,1197,1580,-1591,-2541,1505,1651,1
3506,2416,-2510,1611,-4262,-259,4625,1652,1
-1647,221,1630,1622,-3883,-3069,11,1654,1
1206,-4008,-3227,1537,-2369,5984,-2785,1655,1
1021,-467,-681,1379,-3981,-1133,-124,1656,1
-469,-1414,-1934,337,2174,3014,-288,1657,1
-8,2004,748,1685,-2109,-1091,-883,1658,1
2274,170,-2586,937,-4024,-1370,-686,1662,1
-174,-1993,-429,1400,1298,1573,1525,1663,1
-1349,2539,615,-3,-214,-2596,6,1664,1
409,1114,-518,1306,714,-1236,1605,1665,1
-1307,-979,-625,-1510,-1839,2134,-1905,1667,1
1944,-801,-2945,-760,-870,37,1325,1668,1
-645,-579,512,-2,-877,-1691,2785,1670,1
-1445,-3385,-1010,347,-3429,396,-4745,1672,1
-807,242,-1934,821,-4781,-217,-396,1674,1
285,-645,614,1358,-1882,-563,85,1676,1
-3708,-946,-395,-182,324,1089,3025,1677,1
-376,591,-869,790,-98,50,9,1678,1
1354,-1547,-2879,-547,1244,451,3905,1679,1
-913,-79,-587,474,2217,1100,228,1680,1
-2731,-1013,-310,173,1633,3443,266,1683,1
-564,1178,-1217,1158,-1525,759,-637,1686,1
1827,-1503,657,3950,-3202,-3289,-172,1695,1
-2975,44,-1912,505,605,5566,-2375,1696,1
765,-322,-891,4360,-4013,-3234,361,1697,1
-615,-979,163,5,-562,-906,1175,1698,1
-5610,-1336,-2043,-3002,-119,5577,-4305,1702,1
-2050,-82,-1684,-889,789,1881,-572,1704,1
-1466,2126,528,-116,-859,-835,1095,1706,1
-2646,1379,2216,-1969,-701,759,855,1708,1
-1466,70,-14,252,627,-1092,-2475,1709,1
-2050,3496,-6118,-578,-1753,4961,2585,1712,1
-1445,459,-5107,-225,389,2937,-2685,1714,1
995,2650,-2445,-438,-1871,1441,2705,1715,1
1077,-2639,-2684,1390,-2920,255,-3455,1716,1
482,1289,-1336,-697,2650,-898,-647,1717,1
-1370,-701,-103,1990,-2271,-78,-150,1718,1
-2667,-2449,-912,1032,1698,3289,2025,1719,1
-2189,-2294,2206,294,-3667,26,-1455,1721,1
-2412,-779,756,600,919,616,2425,1722,1
1219,-1057,-1662,-766,2271,440,-105,1725,1
1849,-2238,1314,1253,-2877,-2057,-1825,1730,1
1902,255,-2434,1179,1114,1463,-2855,1731,1
1594,1456,-1314,1411,-2239,726,3315,1733,1
-1147,-1648,1284,116,-3559,-1300,-2365,1735,1
1282,-2193,-1162,-650,-445,-965,2755,1736,1
2699,-5,-2499,842,1698,-1175,2225,1737,1
1401,1475,-2184,-722,-1060,2123,1645,1738,1
519,1030,-1010,-737,-1561,935,466,1741,1
-3262,1233,-2379,779,-130,2343,106,1746,1
213,1471,-2227,3476,-915,594,2945,1747,1
-2603,1926,-901,-2496,811,3311,249,1751,1
589,-2739,1345,1485,-1296,-1648,-3005,1753,1
-1902,194,-1097,1580,-292,1056,1465,1756,1
-913,515,2673,358,421,-4686,3235,1757,1
393,501,-1988,1685,-1860,-2178,-1535,1758,1
-567,-1013,2499,2485,-3440,-2794,3195,1760,1
-1902,-2605,-1228,-1792,151,407,4855,1761,1
817,2115,-1054,2959,-3678,-3916,1765,1764,1
-2933,978,-1064,-1473,2358,3014,-1285,1766,1
-2369,-27,-2977,-1110,-1659,1914,-2955,1768,1
-1073,952,490,979,-716,-339,-361,1769,1
-2316,2082,-217,-469,768,1540,1315,1770,1
-1466,-5645,1880,442,-4305,154,-5585,1772,1
-279,-2260,-945,547,-3137,-301,-3655,1776,1
1256,786,-891,663,-694,-3069,600,1777,1
-3156,-1648,-707,990,-1002,2574,2325,1778,1
-1147,-924,-756,-480,649,2486,-2595,1780,1
-2890,-723,-4140,-358,-740,2398,-4305,1783,1
-1264,1175,-1858,-1139,-569,1639,-758,1786,1
-2125,-302,1333,937,-627,550,801,1787,1
-233,-71,-1847,337,1557,1650,-1465,1792,1
-513,-1926,-4281,-521,-3526,3740,-3075,1794,1
-860,-400,78,178,3126,-1548,4925,1796,1
-221,-4877,1630,1548,-4522,-290,-3575,1797,1
-1328,3285,0,107,1222,-2244,2515,1799,1
-212,-924,-1825,-89,551,1738,-879,1800,1
-4750,-1959,1966,112,984,3168,657,1801,1
-4612,-2494,1434,368,2336,3817,3025,1802,1
-56,-2561,723,1127,-1310,803,-1535,1803,1
1636,567,-746,1474,-2596,-1433,965,1806,1
-1349,2427,-2206,65,-1197,1672,1975,1814,1
-261,-1425,1125,-210,-2444,1078,-238,1816,1
495,2483,1298,2738,-1006,-2222,1415,1817,1
1055,-3919,1203,-367,-1083,3344,-1385,1822,1
347,-957,1258,969,-2585,-2794,-1905,1824,1
-1551,-1035,-912,-524,714,310,1825,1825,1
-217,50,425,832,595,-2629,3935,1828,1
3028,-768,-3662,-2054,2650,-143,-168,1830,1
-622,1860,-2097,-23,-1419,-31,-75,1831,1
-3092,-3608,-999,347,-2910,2662,-4165,1832,1
-3315,-1937,478,242,984,572,5165,1833,1
-3177,832,1166,2317,-5322,1243,-1255,1835,1
-1668,-2383,-1619,-1251,1839,3223,-870,1840,1
-5217,-1191,1088,62,3158,2310,2605,1848,1
-660,-1536,-2238,-1334,3202,3168,-367,1850,1
-1147,-2260,-2542,337,595,4059,385,1852,1
-1509,-723,-305,916,-744,1771,-356,1856,1
1174,-219,-2097,93,1027,1562,-1275,1860,1
657,-144,-4183,2633,-1556,2167,494,1862,1
509,-1414,580,-476,-3213,-585,-1805,1865,1
-2263,531,912,2665,-5279,3146,-5145,1866,1
-1083,-1380,-629,1464,627,1386,3225,1867,1
528,-601,-2651,337,54,1034,482,1869,1
1689,-1258,-2792,-196,1795,1727,-745,1872,1
-1689,-924,-880,832,-2055,3465,-4115,1873,1
-4760,-2349,637,516,-339,4521,89,1874,1
-1083,651,-2814,779,150,1694,-597,1876,1
-1721,-1648,-3205,-2011,3937,2541,1155,1878,1
-2391,1782,-2456,-492,-2033,1705,99,1879,1
-2752,50,151,1864,1265,1914,1095,1880,1
-3400,3151,116,-1687,757,-1239,-952,1883,1
-2529,-657,-1662,948,-1530,3476,-654,1884,1
-1307,-657,1445,2517,-5333,-243,32,1886,1
-505,1081,729,568,-1020,-2123,-334,1888,1
1572,-277,-2499,2180,-1805,-1428,-1395,1890,1
53,-567,27,1516,-2033,-2134,-1825,1895,1
-2507,257,66,-400,2152,-25,490,1896,1
-680,-252,-3347,-1371,2845,4081,-2645,1897,1
-733,819,-653,990,-4370,239,1745,1898,1
-2847,-1481,-978,937,-1786,2497,682,1902,1
3900,-1236,-5064,-1948,1795,-159,-783,1904,1
-977,-1102,-528,2180,-3483,1694,-375,1905,1
-61,410,-632,-769,-2358,-496,-1215,1907,1
1205,-835,-86,926,-2109,803,647,1908,1
-499,-1815,356,1221,-1260,225,-1525,1912,1
2061,1587,-337,-768,3029,-2783,-179,1913,1
-619,1443,-3607,431,-1979,-387,-1645,1915,1
1944,238,-2260,231,-2261,-1470,-1815,1922,1
314,-269,1356,-1073,1125,-3168,289,1925,1
-3315,-1982,1880,-858,1233,1947,-3035,1928,1
-1073,376,1048,632,-2585,-2288,805,1929,1
2954,-1013,-3357,2317,-5831,4323,-7155,1931,1
2189,-3084,-3336,-1193,2823,2068,1465,1934,1
-1965,1037,-1130,-780,-3050,1639,507,1936,1
1211,-1893,-3314,-427,1384,1364,2435,1938,1
-351,126,-416,463,454,-1180,762,1939,1
1594,1782,-4183,1379,-2866,278,-1011,1940,1
3060,-3184,3444,3117,-5549,-5159,-1080,1941,1
1225,-113,89,463,-2315,-1259,-2345,1943,1
1394,-2405,-1325,1885,-3451,-2156,-3365,1945,1
-231,-256,-206,674,94,-734,1535,1949,1
-599,918,-3434,-2422,-457,4499,-477,1950,1
-1307,-1726,-1293,674,-1363,1452,2305,1951,1
115,-1113,-1575,1053,218,1100,1145,1953,1
908,746,-4096,25,400,3663,360,1954,1
-3400,-2438,1228,347,3818,2695,4175,1955,1
-3103,830,1586,1611,-1849,-508,2305,1956,1
-2561,-1,1072,-524,2109,-655,2665,1958,1
-2964,620,61,1506,-2369,3036,-183,1959,1
-828,-968,-106,684,1103,-591,2225,1965,1
-2635,76,-1010,421,-1053,880,-1325,1968,1
-2135,1014,-1228,-1548,220,1892,-1022,1971,1
1355,-79,-3510,229,-2726,4510,-6745,1973,1
-1083,162,555,12,400,-187,-671,1974,1
-3389,-746,3021,1685,-1452,-886,1105,1975,1
-1243,973,-722,358,-1490,1232,965,1976,1
-2465,679,414,1927,-4413,1540,-3745,1977,1
-1232,-2316,1510,-727,-1116,-1720,4595,1982,1
-1211,342,-4596,-770,-1958,4697,-589,1984,1
1753,898,-788,294,-623,-1969,-817,1988,1
2964,-353,-3607,-1166,3656,302,-514,1999,1
-786,-301,-967,-567,-1575,-443,-2915,2000,1
298,1497,-1651,-37,432,1056,-3675,2005,1
-1487,516,729,-24,367,-1783,1995,2007,1
-1636,-590,-3684,337,-3634,1738,-2395,2008,1
86,-110,1380,463,1049,-1718,-127,2009,1
514,-3786,1988,190,-2250,-213,-3065,2012,1
2135,388,-5466,-164,1601,1848,-1575,2013,1
900,-2505,-64,-52,-3862,-760,-3245,2015,1
-1997,359,-2325,937,411,792,-1985,2016,1
-587,-1447,4031,3191,-6090,-6930,-1285,2017,1
-1264,-879,-1532,-499,1547,2915,-844,2018,1
556,-534,-2716,212,1114,1870,63,2019,1
4357,-2171,1923,979,-2574,-2640,-705,2022,1
308,-489,-2010,2464,-3883,2871,-1645,2024,1
-1498,-2505,583,-521,1828,1188,995,2026,1
-1753,-1848,39,-1315,5528,104,4235,2028,1
645,-1581,-3999,1485,-1662,649,-3405,2033,1
-211,-1347,1858,-247,-4673,-1806,-1565,2036,1
4590,-1069,-4368,-1135,6090,-974,1695,2038,1
2019,-1703,-836,1843,-2185,-1384,-1935,2039,1
-4303,-2873,-674,-3002,-2196,5753,-3705,2041,1
-3177,251,1352,-2675,-655,1386,-1915,2042,1
-309,-1503,-804,-720,443,495,1795,2043,1
-3719,1367,-2336,-1177,887,1991,-2615,2044,1
-1880,-879,-310,621,-40,638,3405,2046,1
-2252,-1959,1053,-334,-1719,-177,-3435,2047,1
-530,2416,-3347,113,-2185,2156,2165,2049,1
-935,708,924,112,724,-1435,-1215,2050,1
-1965,-2683,-518,-1802,-1737,2464,-4375,2051,1
643,-71,-2151,1211,-2196,268,-482,2052,1
715,-1481,2347,-260,1081,627,-645,2053,1
-449,2282,-956,705,-1292,74,2145,2056,1
1817,1567,-2542,674,-798,-1438,-487,2059,1
2359,1280,-797,-1906,3905,-3905,1645,2060,1
-1062,2149,3216,-661,367,-349,3125,2061,1
-1328,3118,-1521,40,-1822,-506,1305,2062,1
-913,1369,-712,-235,-1099,-151,-1385,2063,1
385,-1514,-3792,231,-3494,1958,-2575,2065,1
-711,636,966,674,-395,-2266,90,2068,1
533,-97,-4868,-2654,3451,1452,-32,2072,1
-28,-1469,-1032,-312,-694,770,-290,2073,1
1325,-246,687,294,-4251,-2706,-746,2074,1
-2050,-2494,-869,-171,-2877,2024,-3195,2075,1
1572,-2349,-67,1074,-5809,-1036,-1325,2079,1
2135,-645,-2434,1474,-2509,59,-1205,2081,1
1689,-1002,-2434,1264,-1839,858,-1685,2082,1
-3124,-37,-753,-2464,-2304,770,-3315,2086,1
-2422,859,-2858,-1436,-1742,3300,-813,2088,1
-1625,-456,-3173,-9,-2834,1419,-2445,2089,1
-1551,1706,-2282,-128,-2412,1419,615,2090,1
392,-3196,-923,1379,-2888,-317,-3705,2091,1
-243,3040,-2847,-289,-509,1320,2015,2094,1
-1253,-1792,516,1569,-3321,-880,-1695,2095,1
3113,95,-5770,-430,-1553,2431,-4265,2098,1
-1168,625,-4227,1464,-1698,3080,361,2100,1
420,-104,-4955,368,-4024,2233,-1186,2102,1
972,-2527,-1412,-409,1298,2563,-3235,2103,1
-1434,-612,-665,160,-3007,-755,-2445,2105,1
-3474,380,648,-1549,335,4246,945,2107,1
-786,-113,-825,3254,-1250,-2079,-973,2110,1
-345,-991,-2434,2148,-4089,2035,323,2111,1
51,-2115,641,-492,-2747,-498,-2915,2114,1
-1519,-1481,-1966,-721,4273,1430,4235,2115,1
1604,943,-1901,1759,-3602,-1034,-2125,2116,1
-455,-423,-2379,-2391,5506,-1116,2115,2118,1
-2422,521,2966,-2812,-2282,1925,1175,2123,1
738,-268,-1738,1443,-322,-742,-1555,2124,1
-1264,-545,494,-995,-1664,352,-1835,2125,1
-2008,90,3118,790,714,-4466,6075,2126,1
-1190,257,-2499,242,-154,1452,-1585,2127,1
-449,501,-3042,1232,-1307,1683,-47,2128,1
1487,-367,15,1337,-3050,-800,945,2132,1
703,-2405,645,653,-1233,-1048,-3145,2133,1
-1179,1423,-4020,347,-3256,1408,6,2134,1
-977,-1514,-1423,1337,-214,550,-2905,2137,1
-245,1483,-722,1148,-1690,184,2005,2139,1
-1200,-2082,-609,-8,-2055,418,-3455,2140,1
3453,795,-49,716,-3245,-1785,1685,2143,1
558,-857,-3651,-1336,2639,2244,45,2144,1
2146,-4788,1232,3897,-2791,-3124,-3745,2145,1
493,1915,-380,526,443,-2959,2675,2148,1
1604,428,-1477,1274,-735,-1683,2375,2149,1
240,1448,-1814,2559,-295,440,2055,2150,1
1205,-1848,2064,105,-2682,-26,-16,2152,1
-75,706,-1499,294,-1302,178,-324,2154,1
2348,-757,-1054,2085,-1740,-446,273,2158,1
1016,-723,-34,379,-2856,-1200,-1116,2159,1
-2582,-1057,-3325,273,-688,4367,-1805,2162,1
-903,1376,1684,400,-41,-1640,745,2164,1
850,-1358,-1314,337,-3137,39,-1855,2165,1
2444,397,-2521,-153,122,106,-3455,2167,1
-539,307,1133,129,-897,-363,288,2169,1
2327,-801,-1010,969,191,-792,363,2170,1
342,2405,-1064,389,7,-316,-2845,2171,1
-4271,-1481,734,400,156,1199,5415,2174,1
-711,-31,111,180,357,-251,-1275,2177,1
-566,-3730,2629,1000,-931,-1892,-4645,2178,1
-88,-1670,-2336,-1419,952,1144,2855,2181,1
-314,-1726,1717,-208,-2098,-61,-1355,2183,1
-3772,408,-2347,-2212,-1495,3355,-2465,2185,1
-2879,-1224,798,1316,335,704,3835,2186,1
-141,-26,-3933,-160,1904,3311,-605,2192,1
-998,-590,-575,990,-525,3157,-3195,2195,1
1354,72,8,-175,1904,-701,-2685,2197,1
-4516,1043,-4053,-2633,-682,6391,-1114,2198,1
-3124,623,-3021,-228,-2087,1287,-2185,2199,1
-1147,231,-27,726,2174,704,463,2201,1
4612,-1169,-5357,558,367,1705,-1039,2203,1
-2677,-1982,-1793,705,-400,4268,-532,2204,1
-553,-812,-96,821,-1285,473,-556,2205,1
951,-4242,1224,474,-3039,858,-2835,2206,1
1236,701,-967,1316,-829,-1508,-181,2207,1
-4686,3563,-3194,-769,-2271,-47,-720,2210,1
348,-2060,-1336,526,-2044,2585,-1445,2211,1
-1934,1513,-621,-1137,-1240,1551,676,2212,1
37,-1102,168,1400,-4695,-709,4,2213,1
-298,-2706,-2238,1137,-2142,1771,1425,2214,1
-818,-128,237,-43,-2271,-255,-837,2215,1
-1902,560,-2477,-51,-523,2057,-888,2216,1
-1338,428,-3042,-284,-732,3608,112,2217,1
1700,-1625,-1499,969,-1968,473,-809,2218,1
3400,-523,-6629,-940,2347,2321,-2745,2219,1
-1997,1704,-135,-1366,-3970,605,1075,2223,1
-544,55,-2271,326,-3916,12,-1385,2230,1
-1934,-167,2771,1790,-4543,-2915,2645,2231,1
165,-1815,-3999,2928,-7205,-427,-1975,2232,1
-3921,-1425,2227,-170,346,9,2205,2233,1
1753,-1447,787,958,-819,-1425,-311,2236,1
-1870,952,-4770,-102,443,3542,-1275,2237,1
-1965,-623,-1151,316,378,2398,1215,2238,1
-1987,-612,-1619,-1846,-2737,2915,-2085,2239,1
-1307,16,-171,-424,-782,-410,-1007,2243,1
-1370,-434,-934,88,2163,1683,140,2244,1
-1997,-1804,2140,3855,-3829,968,2825,2245,1
-3124,2160,-392,1316,-543,2145,-2795,2246,1
-1615,-1336,-2369,-1088,1319,3674,-2745,2248,1
-1052,-946,-3749,695,-2066,2453,-2065,2249,1
-1328,-141,-120,-366,-252,1155,-1032,2250,1
-4123,-668,791,-87,3223,2431,2785,2253,1
-1583,-1258,-1380,173,-178,1529,1855,2255,1
905,3285,-1304,1759,-707,-2112,-1205,2256,1
555,-2483,-606,1422,-1651,-44,1625,2257,1
121,157,68,-60,573,150,-900,2258,1
-924,136,-3553,-838,-495,2552,-2205,2259,1
893,2939,-2619,800,-2780,-1719,1435,2260,1
4750,-946,2173,2875,-4630,-4576,1615,2262,1
-1657,270,1640,2401,-2228,4,-442,2263,1
-472,-1447,1305,1179,-4879,-4598,-3475,2265,1
-3613,1177,3347,2317,-2563,-2673,3965,2270,1
-743,-857,-2412,442,1298,1727,699,2271,1
-1328,614,-2064,-868,-1075,-229,-2895,2272,1
338,-1681,-1814,2507,-3494,-336,-1365,2274,1
-1955,-2539,-218,1653,1103,2277,2395,2276,1
-1041,-1792,618,800,-1059,-696,4125,2278,1
1228,1005,-1575,-782,1611,-1038,-686,2279,1
-4665,-2049,920,442,2726,2244,5375,2281,1
-598,1000,2825,263,-1160,-639,2305,2284,1
-1540,457,-1054,-1655,2066,2244,-2015,2285,1
-5610,-208,-71,-2412,768,4081,-2595,2286,1
2507,-412,-3194,1801,-6869,-533,328,2288,1
3432,1937,-3890,-2264,3959,-2684,527,2289,1
-570,-712,407,-85,-3645,1639,769,2290,1
-765,-1826,-3238,-1470,3364,2035,2365,2291,1
-1200,-325,-847,-213,-107,1441,-1121,2292,1
-1243,-291,-270,495,-1644,173,749,2293,1
1679,1324,-299,28,-2553,-926,1455,2294,1
1149,-2327,-1564,85,-2206,101,-3375,2295,1
2539,-297,-3108,905,-2942,261,-2235,2296,1
3134,-2060,-3673,1169,-1766,517,-3065,2301,1
1668,-31,-4064,1316,-3029,2123,-1775,2302,1
-3347,239,1488,-2812,-1360,2431,-560,2305,1
-2879,-824,2456,-475,1406,-1280,2255,2306,1
553,1959,-3477,2707,-622,-1115,235,2307,1
-1009,-307,-1358,-2138,5982,517,2885,2312,1
-1657,683,-3814,-536,-2120,3267,-661,2315,1
-2199,3418,-1358,-680,-368,1067,2035,2317,1
1583,13,-4064,-418,-69,792,-1635,2321,1
-1923,-991,-646,-1289,-1711,3102,-1375,2323,1
560,-1224,-3781,-119,833,3025,71,2324,1
-1147,-1113,-222,1959,-3591,3091,-690,2325,1
10,-14,-3423,-1112,-387,1078,-211,2330,1
-6694,-768,-454,-2559,297,3872,-3845,2331,1
-977,-1993,-683,-125,-1658,1155,-3025,2336,1
-2847,831,2173,21,465,-1801,2555,2339,1
218,-1425,-1771,926,-258,2013,675,2340,1
5,-868,1803,1084,-2444,-1105,66,2342,1
-651,-2694,-3640,252,-757,4620,-719,2344,1
218,-2895,-604,-141,-3613,-62,-3745,2345,1
549,-668,134,-135,-1400,649,-703,2348,1
-160,-74,-713,431,-695,-861,583,2355,1
-3018,-1158,193,474,-2131,-15,-2645,2357,1
-3177,310,1037,-351,2650,-16,2455,2358,1
723,-2383,-3216,-1654,1698,2706,-418,2359,1
365,523,-773,1748,-1860,440,-2115,2360,1
1923,-1759,-1434,474,-3094,111,-1995,2362,1
-653,-1481,861,-590,1071,-556,2005,2363,1
-61,-1414,-2988,2970,-5495,-57,-976,2365,1
-828,145,-41,410,-868,-942,697,2366,1
-2667,-668,-2966,-242,-1914,2266,-2855,2369,1
-2231,142,-603,-840,-974,605,-1935,2370,1
-2943,-261,1401,316,-1563,-2255,4695,2373,1
-2571,240,-1901,-501,-23,2255,472,2375,1
-1137,4187,-2456,-449,-167,550,2265,2377,1
-3103,-356,621,1811,-1155,1298,1165,2378,1
272,2461,-2738,2169,-1805,2321,4775,2381,1
208,17,-427,1264,-193,-2376,-2125,2383,1
556,-82,-934,400,-2931,-323,-1565,2384,1
-2614,-4109,-577,-1812,3613,2288,3625,2388,1
-2146,-2249,-194,1074,-1633,891,-2775,2392,1
-2582,-1124,2075,-407,-399,1001,-1205,2393,1
13,-53,343,-70,2390,-1298,1525,2398,1
-1392,-957,-586,-1101,-2250,2519,-1295,2399,1
-2029,-202,-2716,1116,735,4290,101,2400,1
1001,-204,-2847,1316,-5355,352,305,2402,1
-2592,2539,-847,-358,60,836,1115,2404,1
-455,-634,-1825,800,-406,2277,1235,2406,1
-722,-412,1977,-275,1233,-2651,2975,2408,1
-460,-2438,-3673,-1305,1503,4257,-616,2409,1
12,-367,-3194,-1393,2509,2695,-2785,2410,1
-4888,464,4738,337,670,-2981,3145,2411,1
-4686,86,1814,-766,-148,1023,-1161,2415,1
13,7,-1456,252,-2315,2222,835,2417,1
-2231,-734,792,113,1536,-1596,5985,2418,1
-1700,-1570,2934,1706,-404,-1207,-1029,2421,1
-362,712,-2043,431,-5441,-1903,-1156,2423,1
953,-746,-5064,-184,-382,2255,-267,2424,1
331,1076,-422,1253,-1648,-543,-1215,2425,1
2901,-4075,171,31,-4110,53,-3155,2428,1
-1519,153,430,1295,-3245,924,-1315,2431,1
-680,-556,-1064,-239,724,1353,-1945,2436,1
341,-2906,-1141,337,-3321,1716,-2475,2437,1
-551,-2895,-1836,410,1254,1232,3415,2438,1
531,1832,-934,-1097,5138,-2992,3245,2439,1
1353,1138,-3847,874,-2347,302,56,2441,1
352,682,994,-981,789,-4686,2105,2442,1
970,18,-1119,358,584,495,-259,2445,1
-1328,-1002,-427,495,2109,682,2215,2448,1
-1477,-230,186,1011,-21,1,2315,2449,1
-765,-657,-2140,1738,-3634,4741,-2715,2450,1
1849,1064,-967,674,-420,25,-3995,2452,1
-882,-2572,-2260,-2264,400,4356,-4755,2460,1
-2178,-690,536,1327,0,803,1685,2461,1
-3219,1335,3238,1274,3872,-1339,2365,2462,1
1116,-2171,-4683,-1848,919,1595,1115,2463,1
-1020,2093,993,4129,-4489,227,-2545,2464,1
-871,1292,905,1348,-2336,-2816,2135,2466,1
-913,2171,-2358,1074,-1235,594,1495,2467,1
956,-356,-1847,1221,-6750,-1474,-220,2474,1
-2561,-868,-743,1622,659,2739,2525,2475,1
281,1799,1423,442,2434,-1914,440,2476,1
-2380,-2104,365,-1408,5149,825,5455,2482,1
-701,-1848,-340,926,789,1914,-1625,2489,1
-765,-1024,-1803,-1284,1168,1452,-238,2500,1
-586,-1592,-4814,526,-272,7205,-2285,2502,1
1647,1185,223,-697,-144,-5830,3795,2503,1
-2433,-257,-224,-91,-2693,280,-1365,2508,1
2539,1199,-2542,93,-699,-491,-389,2509,1
-1965,-1302,-471,1242,-1092,660,2905,2516,1
992,-2338,2238,2896,-3396,-3839,-1565,2520,1
-4059,-946,4238,-519,1319,-383,105,2525,1
106,-579,-5346,547,-3018,2706,-1945,2527,1
1668,75,-2651,1000,-2163,616,-2015,2528,1
-1423,-1559,-60,-174,-2542,-486,-3375,2529,1
-4208,-3441,-1064,-1377,3689,4521,3335,2530,1
2072,41,-1021,2243,-1628,-1032,671,2531,1
-2316,1395,1706,695,-1968,-3168,3025,2533,1
600,-1135,-1391,-3,-329,2651,-761,2535,1
-903,1465,1096,842,-1871,-2178,309,2537,1
-2486,959,2227,1011,-1397,-2475,2855,2538,1
2210,1017,-1727,537,1568,-1702,779,2542,1
-860,-2260,-3205,-2106,5300,2398,2835,2544,1
-2422,-1536,-3390,-961,-2185,3641,-3425,2546,1
-1774,2182,-1554,1790,-1359,-45,1815,2550,1
-1423,-63,-847,-1917,-1925,-292,-3515,2552,1
766,-1547,-1119,1580,-2964,-1587,-2535,2558,1
-1732,1775,-1032,-424,-1204,660,195,2560,1
-281,-2216,-1825,0,1860,1551,1905,2561,1
-615,-1893,-2716,-652,1611,2244,526,2564,1
-3177,-187,3618,1158,-164,-572,647,2565,1
-1062,1667,-2260,-780,659,2365,112,2566,1
-3655,3329,-2108,-3549,-32,3058,-216,2567,1
-2901,410,1782,2464,-1536,1353,-322,2568,1
-1498,-523,1412,-1678,1590,2024,-1160,2569,1
-2029,-1625,-39,337,-1013,1606,2335,2570,1
-839,1400,-5422,-582,-2509,2684,-979,2571,1
-165,-1536,-1825,-2190,3407,-1301,4405,2573,1
-1647,-1213,-1097,-442,-1013,1991,-2245,2579,1
1234,912,-755,-583,-368,-1562,-1415,2581,1
-2762,-2327,1630,790,-3602,-189,-2085,2582,1
748,-902,46,1548,822,-292,-1078,2583,1
-2125,-1258,339,-1466,-3743,-802,-3875,2585,1
3018,1326,-3966,-158,-241,671,-3085,2589,1
933,129,-2542,969,-543,-116,141,2590,1
1466,374,-2336,294,-1271,218,-2775,2591,1
-3007,-22,350,-575,-355,1034,-1565,2594,1
-558,-757,-3434,326,-3872,1199,-2095,2598,1
-956,-757,-1793,663,-603,1364,1505,2599,1
-1477,-1815,-1575,1337,-2834,572,-2755,2600,1
982,-478,-988,-1872,5149,-2112,2455,2603,1
-80,-2049,-3292,-341,2152,2937,700,2604,1
-660,-1147,-1282,589,595,737,3195,2605,1
-3963,-902,-81,-2496,72,3817,-2505,2606,1
-1052,1281,-1021,347,1590,100,1815,2608,1
-1487,-282,859,263,1081,-2101,3965,2609,1
-40,427,-1901,-281,-1637,-151,489,2611,1
-1477,-1982,-1858,642,-269,3168,1365,2613,1
-3868,-567,2673,-1039,-2672,206,-1140,2614,1
364,307,-2238,821,-357,880,-122,2615,1
458,-136,-1445,-1896,1049,-1881,2145,2616,1
1333,174,890,1327,-2520,-951,1585,2619,1
896,2327,-1619,547,-2380,-213,2195,2620,1
-1137,808,1706,0,43,-3080,2835,2621,1
-1062,242,-4988,1242,-3580,-381,-3125,2622,1
-3230,-2093,-246,123,-456,1309,3585,2624,1
1038,-801,925,1590,-2856,-2145,-247,2627,1
2295,356,-3357,-1570,2563,-741,487,2631,1
-1413,-337,2108,1664,-2001,869,2485,2633,1
790,-129,860,208,-46,-1800,-1285,2635,1
2773,-3374,-4629,-548,476,3762,-1725,2638,1
1115,2539,-967,1959,-2023,-1526,3295,2639,1
-2114,2583,-2064,-1126,-41,2002,485,2640,1
-523,576,-252,-1299,-3689,59,-543,2641,1
-2412,-3084,656,-490,-3332,93,-4635,2644,1
-523,367,-988,2233,-836,814,845,2645,1
3209,-2494,-3814,185,908,1969,-1185,2647,1
-535,-314,-29,-359,-2574,-726,-1605,2648,1
1700,-489,-3151,-869,2618,-1006,1555,2649,1
907,-1536,-4292,-338,2077,3872,414,2650,1
-315,841,-2325,484,-1658,-399,-1265,2653,1
2561,759,-3140,737,3494,1133,-1575,2654,1
-228,-1859,763,-143,-2715,1793,-622,2655,1
-590,478,-3662,-1959,-1882,2981,-1755,2656,1
-1179,393,-1293,124,724,79,1025,2659,1
1190,-2126,-1054,-481,-1893,-792,1995,2660,1
-828,-1169,399,-1581,2953,-1527,4935,2661,1
965,-4064,-277,-655,-6761,-1155,-5095,2662,1
2157,61,-1608,-1195,2358,-1569,1635,2669,1
-3687,-2282,-599,642,1233,5192,815,2671,1
-2486,-282,352,642,-424,1144,222,2672,1
1379,-935,-780,2549,-5906,-2596,-538,2673,1
-2114,247,2325,1801,291,-972,1725,2675,1
-6737,1915,-199,-2043,1979,3289,-1015,2676,1
-666,-1904,-2347,-1619,4035,1914,1495,2677,1
-1030,-191,-1814,-162,3180,869,3265,2678,1
-1806,113,-430,1148,-1550,1056,-1725,2682,1
2210,-2861,1901,-330,-1249,-921,-2665,2687,1
-839,-2527,-1249,368,-1754,3025,-1985,2688,1
-3209,-812,-1141,337,-869,2541,727,2690,1
-1030,-305,-82,558,201,759,449,2692,1
-131,443,1018,905,-3883,-1007,-2785,2693,1
2050,1698,-1097,-1159,1027,-3993,-791,2695,1
-48,-168,944,-536,4154,-2563,2605,2697,1
1140,877,-558,379,-1564,-3300,2515,2698,1
1540,-342,-164,1084,-2455,-1518,355,2701,1
-2805,-1603,-1043,1074,-1227,2178,2525,2705,1
2401,-423,1412,2717,-2975,-4851,-335,2706,1
2327,-623,-582,1127,-6058,-1389,825,2707,1
-1636,-327,3705,1211,562,-405,1405,2709,1
1689,-612,-1717,442,757,-1324,825,2710,1
1700,-378,-1162,2370,-3461,-2783,-996,2713,1
-317,-1314,-753,1295,-1702,1023,-943,2714,1
-1328,2639,-328,-1712,-364,3355,3425,2716,1
1312,-478,-2977,-125,-340,2530,-3265,2718,1
-21,201,-956,1242,-4002,-46,925,2720,1
693,-1080,-1282,337,-3656,1386,-435,2722,1
-2954,-913,1749,-444,1882,-176,-3295,2724,1
2167,-2516,-596,-1187,-3721,1485,-2135,2726,1
-2263,-812,3238,-1969,133,374,-1805,2728,1
436,361,-1271,926,-2628,85,-565,2729,1
-2879,1805,833,-1121,-98,1386,1255,2730,1
-222,1262,-5075,-580,-2477,2398,-1048,2733,1
-2816,1634,-222,442,-2856,-294,719,2736,1
-1232,1959,118,1558,-405,-489,-527,2737,1
-711,62,-1749,-153,-3418,-1382,-2645,2738,1
-3538,-2149,-1434,-1815,-2206,4246,-3365,2739,1
-701,-1559,-616,-2464,-1013,2728,-2995,2741,1
-231,-53,824,-906,973,-758,-1915,2743,1
-892,-1336,-627,1200,1265,1166,1315,2744,1
-4601,496,1912,-427,1774,-2486,6155,2745,1
719,-71,1521,505,811,-1442,-1133,2747,1
-1434,-2271,-1564,674,146,2816,54,2749,1
389,-456,1319,1295,-483,-1598,-504,2752,1
-1285,35,-5683,1242,-6653,1738,-1111,2753,1
1742,-2371,-2043,1959,-5538,-387,-1735,2755,1
-2465,643,-2586,-105,2964,4422,-443,2756,1
-871,-1781,-988,-259,-77,1287,1125,2757,1
-3453,283,1597,-278,508,-2024,-2985,2758,1
836,409,-208,-1599,887,-4356,3665,2760,1
2922,1104,-2477,1990,-1126,-2057,-253,2761,1
-1168,1052,-1184,152,-2618,506,242,2764,1
129,-723,-3010,-429,-2152,1617,-2525,2765,1
-1923,154,507,2169,-402,814,1295,2766,1
-2369,1457,3423,811,-2271,-3234,1305,2767,1
-117,451,2140,128,-2087,-1577,805,2770,1
-229,-1392,-2923,-1630,-1306,3784,-2565,2772,1
-2731,-209,700,421,233,1518,99,2773,1
1594,1706,-198,1980,-2845,-2497,2235,2775,1
2550,518,368,1084,-2228,-1459,1575,2778,1
-3007,-2204,2879,-2433,1038,3179,-2145,2779,1
1443,180,-1369,632,54,212,-987,2780,1
-3283,-1948,-2336,832,-2856,1639,-3775,2781,1
-2837,-2939,-2303,-1166,4165,3476,3575,2782,1
-701,2171,-2542,305,-3613,-27,1325,2786,1
-1413,-3507,469,-186,-2531,2926,-2475,2787,1
-1115,-296,809,495,-2888,-1576,-1215,2792,1
-1370,-1826,-2564,-364,1741,3773,571,2793,1
2837,764,743,3160,-5690,-3784,2225,2796,1
-1466,1457,-2075,-15,-3321,715,429,2800,1
-2677,1465,-2499,-3160,1006,2772,-2765,2806,1
-4994,-1458,2086,-2106,-677,1067,-4165,2807,1
-2837,-612,1619,-1492,-1787,1958,-565,2808,1
-1679,-1837,1380,716,724,979,-173,2810,1
166,2271,-1814,-202,768,1210,1285,2811,1
-1764,-1336,-1075,1822,-3981,279,-1395,2813,1
-2837,-2839,-1162,-1731,-2996,3047,-4645,2819,1
1153,-690,-1304,-192,757,-222,493,2820,1
-903,-73,-727,242,400,-22,-790,2821,1
-2082,-1191,-455,863,-1222,1232,-622,2826,1
-2189,1384,631,-187,1384,1496,1185,2828,1
1625,-567,-693,-31,-2780,-1670,-1945,2829,1
-1222,593,-7204,1516,-617,1760,-3375,2832,1
-3496,-1581,453,-809,4154,1320,3275,2833,1
-839,-1692,-2314,225,-3137,3069,-1315,2834,1
-5026,-812,2282,-252,1904,1067,2405,2835,1
-3379,-330,-2151,-819,-3429,1826,-2335,2836,1
2986,-1302,-5357,-911,357,1353,-811,2838,1
1965,-290,-19,1358,-2812,-1119,764,2841,1
161,-1046,-3488,368,-3991,2651,-943,2846,1
352,1618,-2890,516,-4673,396,1315,2850,1
-415,1022,-1260,1748,-5225,-1047,1795,2853,1
-412,-1269,-2108,516,497,4114,-2145,2855,1
2242,-193,-1630,-1497,2542,-3003,2745,2856,1
-2157,1982,-2923,484,-1947,1903,975,2858,1
-882,-2516,-2108,-1361,2174,1309,3305,2859,1
-2274,1324,-1717,-1371,-516,1342,-1365,2865,1
355,71,2336,948,-1528,-1892,825,2866,1
-2476,1082,1030,-610,-390,-1646,1135,2870,1
-1052,-2694,1630,52,-351,-1597,5275,2872,1
-2061,218,1166,-1545,4305,-2530,3435,2874,1
-1243,1306,-1499,34,-2044,2123,1735,2878,1
-276,-389,-2673,-264,-3342,203,-2545,2879,1
-3921,-812,334,1358,-3342,2277,-230,2880,1
-1710,-1581,1166,747,-215,638,-1675,2882,1
-1795,-230,627,-926,1709,-126,721,2884,1
-1498,42,1343,207,-210,-1311,1035,2886,1
-998,383,1803,1011,-3602,-1355,-1915,2887,1
-1083,-292,2640,32,-863,-3905,2125,2889,1
-722,-1636,-1901,-86,1633,2068,1405,2890,1
-1625,923,-462,-895,3753,187,1335,2894,1
-107,913,-1488,-1445,1027,2970,355,2897,1
-1753,-2839,2206,-966,-1749,671,-3195,2900,1
-1647,-1057,2532,-878,-2239,693,-323,2903,1
21,-2405,-2260,-2317,-1630,2541,-4915,2904,1
1604,790,-500,72,-926,-1390,-1545,2905,1
-1264,-2360,329,-1353,-324,1111,-4385,2906,1
1562,446,-2705,1537,-3245,-258,337,2907,1
202,185,-891,69,1384,-1226,374,2909,1
-81,266,122,937,-786,-1393,-407,2910,1
-1402,-1213,-2836,-183,-1968,-480,-5295,2914,1
13,-74,-2206,-308,1730,1034,-1435,2915,1
-6078,-2004,614,990,1265,5159,1805,2916,1
-2263,2126,-70,305,-792,-5,1135,2919,1
365,-657,-430,400,2174,-524,1115,2920,1
1200,-2338,-777,1011,-1339,2211,-3335,2921,1
-110,-2483,-3064,-272,-516,4356,-359,2922,1
-652,5,-1162,-657,1373,781,568,2924,1
-374,-523,1554,70,-1024,891,725,2928,1
996,917,-2390,948,908,2574,1445,2930,1
-2072,53,-1586,1179,-1334,836,-879,2931,1
-1827,-1369,432,1653,-1788,1408,-463,2935,1
2646,-1425,-4825,-759,919,2277,-2345,2937,1
260,541,-775,547,476,-627,505,2939,1
-4091,-2839,424,558,465,3520,2275,2940,1
-711,-31,-1825,-1213,-2499,1529,-1575,2942,1
-882,-170,-1630,-476,2574,-268,1745,2943,1
781,2115,-41,547,-244,-1991,154,2944,1
-2954,-556,648,431,-643,-310,3185,2945,1
944,479,-2412,-74,-630,1925,-59,2946,1
451,1247,417,-49,-199,-1676,-1245,2947,1
-2444,-2049,1880,2443,-777,1782,1995,2950,1
490,319,-2108,-508,-324,-814,-12,2953,1
1130,-356,-3477,-575,-3180,1419,-1665,2956,1
-1742,111,-504,684,-1107,-1189,-2095,2957,1
4080,-913,-5553,-1774,4002,407,234,2959,1
-2008,-144,4107,-1418,-1502,-368,237,2961,1
-680,-879,515,174,411,-734,2285,2966,1
181,-1859,-5444,-567,2087,4895,-1295,2968,1
-1880,-2071,-804,2412,-1936,-985,-3145,2969,1
-1934,-790,738,-670,-1147,-698,-2885,2970,1
-1498,36,1283,-621,2023,-723,2075,2974,1
-1370,182,-912,-1086,1968,-1342,4015,2977,1
-2646,-2082,-258,-439,115,2321,-3445,2979,1
-2252,-1180,1923,-614,-473,-1824,4515,2980,1
546,-501,-1412,-293,1687,231,1025,2982,1
-1859,128,362,579,-352,-801,2995,2984,1
-1859,-1069,1003,-1424,4165,-1029,2775,2985,1
-5653,991,2358,-1705,1611,693,-1785,2987,1
-1689,192,-2314,-678,-3764,1023,-1835,2989,1
-2805,16,-1793,-1120,-139,2783,-1915,2990,1
-2274,-2405,-638,-1330,-860,4862,-2005,2991,1
-1721,1038,1782,3002,-3029,-769,702,2992,1
-1562,-567,-4107,537,1200,3674,54,2993,1
863,-300,-644,208,1611,-759,1695,2994,1
1403,-2104,2825,1959,-4327,-1085,1295,2995,1
1753,1703,-1391,-92,-3223,781,2605,2997,1
-2943,-657,-216,-1190,122,-75,-4395,2998,1
-448,616,-460,368,865,627,-513,3000,1
-342,-389,-2412,790,-623,3707,-2165,3003,1
-4144,780,2912,1032,-2077,-1194,1825,3005,1
-3985,498,2716,758,1276,-719,3535,3007,1
1089,2238,-3368,2275,-1026,-1331,804,3008,1
-484,-1915,-2673,149,-6707,1056,-2285,3009,1
181,-634,2216,547,-6501,-2464,615,3010,1
-2104,-902,123,-909,-2596,2871,-299,3012,1
-2401,629,498,-894,-1968,1551,435,3014,1
-1168,375,-1803,2412,-3624,-889,52,3015,1
628,-2661,1934,2296,-4868,-2200,-905,3016,1
-87,347,-1369,1116,540,-217,-1040,3019,1
-2072,-2126,1706,358,789,-977,-4055,3020,1
-2773,-523,1564,2233,-2412,1672,-1215,3021,1
-2646,-2260,1858,747,-1215,-661,-3195,3022,1
-1232,-3028,-130,-280,-1124,262,-4995,3025,1
-279,-3396,-2064,-1442,3007,2189,2595,3028,1
772,1114,-3238,1590,-1400,2134,-2425,3030,1
-913,2271,-5966,2117,-1518,1034,-90,3033,1
-828,457,-49,452,-1328,-1204,-978,3034,1
-294,1859,-611,463,454,352,1455,3036,1
-1073,-1392,1445,-125,562,158,-2195,3037,1
-871,-1180,-3249,-5,1438,2079,2285,3041,1
-1466,-1570,387,1242,-2877,660,-682,3044,1
1374,-230,-1673,1200,-1144,-147,-569,3045,1
-3772,866,3238,969,-834,-1818,3065,3046,1
-3655,361,662,737,1904,1430,1885,3047,1
1540,1272,-1673,1337,-1350,-824,-2225,3051,1
2624,1826,-3303,937,-1893,-2057,280,3053,1
-308,-1904,-1271,737,-2055,3773,-2345,3055,1
2008,-4632,1782,-40,-2585,-1340,-4845,3057,1
631,1101,-13,589,-3018,-1509,1045,3059,1
-1126,54,-1858,164,-549,2926,61,3060,1
-818,766,1313,811,1536,-1059,318,3062,1
-472,-434,798,-562,-1947,-805,-1415,3063,1
3389,1937,-2216,705,144,-1299,-2155,3065,1
-241,1468,-1673,2780,-4554,2222,-3805,3068,1
-3496,-2171,1183,-135,-517,57,3175,3072,1
-1806,-95,-369,1748,-2477,2585,-875,3073,1
-2040,1616,-923,389,-3818,-1230,-25,3074,1
-1668,-2216,882,-535,-2975,-1881,-5005,3075,1
1412,1670,2521,558,443,-5368,985,3076,1
1246,-2895,354,1811,-1979,-2365,-3585,3077,1
-1657,-1380,-1173,132,-521,2541,-57,3078,1
395,-412,-2206,-1066,1438,1881,-2665,3083,1
-711,738,-4173,-113,-3072,1793,-1205,3084,1
-2646,-2984,-1141,547,-2726,1848,-3985,3088,1
-1540,-4164,1771,-2401,-2163,1265,-5735,3090,1
-1519,14,340,-1290,2423,-2541,3655,3092,1
-2762,-2683,-1445,-830,3029,5181,-2035,3093,1
-913,-367,157,-188,865,182,1545,3094,1
-722,944,401,1843,-3039,-613,1045,3095,1
-967,-1269,1103,916,-3667,-580,-718,3096,1
1753,-2216,-5129,-1028,-229,4213,-3955,3097,1
558,1231,436,316,941,-2838,1205,3099,1
873,-701,-2358,-746,-1721,-633,-427,3101,1
-397,-746,-1717,220,-3126,-696,-3025,3102,1
-2603,1174,-10,2348,-3137,2442,-1215,3103,1
-1413,-1169,-619,-1154,20,4037,-842,3104,1
394,-423,-1966,-146,887,328,61,3105,1
-2794,-1659,122,421,-735,2343,925,3107,1
-1285,-879,-1901,695,-784,2112,-36,3108,1
-2178,-1926,-1314,632,2023,3058,915,3112,1
159,2193,968,-649,316,-1653,583,3114,1
-3985,-2795,-1184,-191,117,3993,3725,3117,1
375,1487,102,24,-835,-3267,619,3118,1
-5,1993,-2097,2054,-1343,-399,1805,3121,1
471,572,324,842,-1359,-1563,-283,3122,1
547,-1369,-1271,1390,-1646,1529,-575,3125,1
3241,1757,-825,1537,-1083,-3597,435,3126,1
-490,745,-956,1127,-1529,1188,-2495,3127,1
-287,1201,771,926,843,-1057,825,3129,1
1870,1234,-1956,263,-1500,-1239,-686,3131,1
-4983,-152,3455,642,1071,247,2745,3132,1
-1392,1726,-3455,-149,-1424,2981,895,3133,1
-3942,-367,3575,948,-910,-1129,1935,3143,1
-1997,-1815,-184,1074,-1503,-266,-3065,3144,1
-2518,-512,1247,-1236,-1613,-159,-2195,3147,1
1299,-301,-4857,-2011,3115,2871,-752,3152,1
-711,-412,-2021,1516,-190,1782,1295,3153,1
-1126,-434,-2053,-677,41,1397,-2955,3154,1
-775,-590,2608,1200,-2087,-3135,-1096,3155,1
2125,-946,-5172,-495,443,2442,-942,3157,1
-2104,642,1532,895,-2271,-364,-2815,3159,1
-1030,-2026,1054,-425,-119,2200,-1565,3160,1
-1721,1268,-891,-108,-451,-388,-1008,3161,1
-2592,-668,1126,979,-1301,352,745,3162,1
1955,151,-3749,-341,1860,1595,-589,3163,1
-1891,-201,-535,-745,-1947,726,-1685,3166,1
1171,-723,-1499,811,-613,726,-1235,3167,1
-102,180,-499,107,-524,-1530,1625,3173,1
1259,-779,-215,1780,-107,-330,-209,3179,1
2497,-1102,456,1200,-2888,-205,985,3180,1
-354,-212,348,305,-2758,-2178,1025,3185,1
-2529,-456,-459,0,142,2750,496,3187,1
-3283,2227,-1010,-1713,-10,-8,-1645,3191,1
2412,2204,-2553,209,-1677,-235,1525,3192,1
420,4109,2140,1021,-250,-3135,4705,3194,1
-1902,-1091,1022,758,-381,-201,1385,3196,1
465,-1436,266,-1213,1914,-3993,5335,3197,1
-1052,2082,-2868,-1226,-3429,1089,406,3198,1
-765,2271,1521,1558,703,-2189,1795,3200,1
-515,-320,-755,-75,-914,1221,-2485,3201,1
-5355,695,-869,89,-1087,385,-2435,3204,1
-2178,-4443,145,547,-3137,2409,-4035,3205,1
-251,-1692,-2858,-534,-614,2739,-107,3206,1
-2805,44,-2390,-1588,-159,4477,-1023,3207,1
-1774,1207,-2466,-426,2488,1958,-1465,3208,1
-1562,724,1803,842,-2066,-2728,3005,3210,1
499,-1147,-1358,222,2823,1595,762,3211,1
-1625,924,2912,2370,-4760,-1508,-681,3214,1
-956,-1826,2206,1127,1233,-15,-1445,3217,1
-733,-2984,-4966,-800,1222,3036,3395,3219,1
-1668,474,477,-205,-469,3146,2235,3223,1
3421,-144,-1640,87,681,-704,995,3225,1
-2624,-2316,-1238,758,-525,3520,2255,3228,1
-2093,2249,-4879,1000,-3959,1166,453,3232,1
-2507,-1258,-4162,-639,-2466,2959,-4045,3233,1
-4665,-835,885,684,32,1914,1565,3234,1
531,-779,144,-734,411,-1496,1225,3236,1
-2327,-957,2053,53,1006,-1389,3875,3238,1
501,405,-1858,-206,1547,-769,2465,3240,1
2061,443,-4477,-499,1698,407,-380,3243,1
-1817,1792,-934,1232,-1162,-1672,-353,3245,1
-967,-3318,582,-1626,367,2332,-4675,3246,1
1181,-1514,997,-864,-744,-600,-2605,3247,1
596,-1570,-3271,-182,-1550,2739,-2545,3249,1
1450,-545,-612,-1100,-1455,1287,-861,3250,1
-2943,-3273,-3194,-286,-3039,3069,-5455,3251,1
2762,-1013,-4466,242,319,2255,-1116,3252,1
-5440,-1436,2738,71,207,561,5345,3254,1
1477,-84,-1662,-866,-1738,957,-1123,3255,1
-2561,-2828,-4955,56,-2455,4389,-4975,3257,1
-1880,-1258,870,1148,57,273,1605,3259,1
-63,821,-802,-1010,1936,-944,15,3261,1
1955,-3028,1239,2032,-3786,85,-181,3264,1
846,285,-1977,632,1871,154,649,3266,1
961,-2049,-988,-1674,4900,759,443,3267,1
-1455,-1135,-825,316,-1299,1298,2495,3268,1
-1009,-1703,56,-923,1071,814,753,3270,1
-2964,-91,-945,-903,768,4257,-86,3271,1
-1870,749,-2064,1232,-429,2321,761,3272,1
-1498,161,3097,-46,649,-3729,2195,3273,1
-598,1232,1017,-108,-574,-2684,2505,3274,1
-2401,-3530,1082,558,-1958,-475,-5125,3283,1
-229,-158,-705,463,-62,-949,2035,3285,1
-1923,2138,-597,-415,-2131,51,815,3286,1
-3772,-1514,1338,-131,-545,41,-3525,3289,1
-2284,1017,-5879,874,-3916,2343,-1215,3290,1
-659,-2594,-2575,-2696,2585,2959,410,3292,1
-1679,-34,-554,130,1352,1452,1235,3293,1
248,719,1380,811,-1733,-3641,590,3294,1
-658,-1102,619,3033,-3039,-3652,-2015,3298,1
2284,788,398,1780,-4327,-891,3855,3299,1
-2210,-2037,45,-949,2044,451,2285,3300,1
2646,-341,-4183,1169,-1289,1540,-1845,3306,1
-1264,-356,89,2517,-2618,1529,404,3307,1
-1370,705,2999,2401,-3894,-4004,1065,3310,1
-2444,1245,2216,-158,822,-3355,1605,3312,1
-1062,-690,-59,-488,1341,-916,2785,3314,1
635,1442,-284,811,-1882,-845,-3275,3315,1
-2677,-1080,2260,2032,-1281,-1398,-967,3319,1
-1753,194,1380,-1713,1828,-3707,3425,3321,1
-1721,642,-773,-1550,2455,-242,1935,3322,1
-110,44,-815,-392,1849,682,-1715,3324,1
-2497,1046,1771,-444,1092,-147,-146,3328,1
662,317,-934,358,-1822,-1443,-894,3329,1
1417,550,-1238,133,-1832,-808,-1855,3332,1
1085,-2082,293,558,-1142,-922,-2805,3334,1
-2189,676,1016,-129,2120,-779,1235,3335,1
-2061,3363,2651,1000,-1089,-3630,865,3337,1
-2933,697,2390,-103,123,-2233,3105,3339,1
2507,-1347,-407,3497,-5538,-3883,-627,3340,1
537,-3351,-530,1221,-1265,156,3345,3341,1
-722,-2895,-1347,-501,-668,1947,-4605,3342,1
-903,-116,1543,1000,-1013,-728,211,3343,1
-572,-1492,-615,21,2152,-993,5045,3344,1
-59,1489,1333,-736,2477,-3443,1075,3345,1
1260,473,148,1211,-2823,-1870,-1675,3346,1
-1477,79,354,-430,-326,-1787,2445,3350,1
242,-523,-3673,832,930,3861,-1625,3352,1
2720,-1559,-3162,-1118,1157,-445,527,3355,1
68,-946,-2358,547,-610,1892,-1635,3356,1
-2369,779,1369,113,3288,-548,3565,3359,1
111,257,594,-163,-5474,-1442,230,3360,1
-2720,211,-2597,-1843,-733,2805,-2655,3365,1
-1636,-32,1673,-339,-5636,770,2045,3366,1
-2571,-1158,-1771,-1398,-4240,2266,-2675,3368,1
-1200,-249,1630,-402,2975,-762,-2575,3370,1
-183,2082,-2564,-308,-1732,63,87,3373,1
-1455,-1570,1212,1632,-2109,869,1635,3375,1
-1742,-2550,113,187,236,1397,2315,3376,1
1944,-1013,849,-283,-2444,-2827,-2625,3382,1
-3570,-6,840,-245,255,1364,1875,3384,1
-1647,-167,804,-641,1254,1078,-1235,3386,1
-3836,2449,4857,1653,-2574,-4532,1175,3388,1
-807,-342,657,1506,757,-572,-771,3389,1
-828,1139,-298,-188,-72,-1625,1115,3392,1
-1190,936,113,-1885,-268,3344,1295,3395,1
182,269,-2119,642,-3710,245,2,3396,1
-754,-2004,-1999,-70,-852,1342,1815,3397,1
941,172,-1151,284,-1023,528,-72,3399,1
-882,325,-1836,-1412,1633,1903,-2505,3403,1
-650,1087,2705,-266,-266,-5357,3715,3406,1
-216,-2951,1347,1653,-2023,374,-1515,3407,1
-1859,1476,-2336,874,-507,1210,161,3411,1
-1392,103,1706,389,1979,-3322,3885,3413,1
-1445,1149,2314,2317,-2975,-2618,-94,3415,1
945,55,-287,905,-2455,-1567,-441,3418,1
-860,-734,810,-581,-499,1012,-1049,3420,1
-1445,534,-116,-1118,-1593,957,-478,3423,1
2029,-1848,-2162,-96,2531,792,107,3427,1
942,1530,-3781,-809,584,1595,-2995,3428,1
-2221,-157,-2336,684,-293,1276,-2215,3429,1
2210,-645,-629,-343,18,-2904,1035,3430,1
-2465,-2828,-815,-670,1428,880,5695,3431,1
-4027,1138,3944,1211,3158,-2486,5195,3432,1
158,-74,192,-202,-1710,-975,-1037,3436,1
654,-1247,-28,1021,-2618,-13,-362,3437,1
2603,-3028,941,1221,-4489,-298,-793,3441,1
-1689,410,239,-47,4219,-512,3825,3442,1
-2677,2784,-4433,-1520,-1262,1364,-1645,3445,1
-690,-269,-1206,779,-389,638,292,3446,1
-582,211,-1793,1285,-1316,1023,-52,3449,1
-1009,-902,-336,-1526,-3461,1661,-1365,3450,1
-1795,-2405,-2879,337,296,4730,403,3451,1
1753,-1236,-3108,1601,-803,770,-1925,3455,1
-317,-1135,-956,1158,-1818,-121,-1915,3456,1
-2709,143,-759,-936,486,1870,-1925,3457,1
666,-2683,-1695,1253,-3753,605,-2725,3460,1
809,-1213,-3542,1042,-731,1320,-2815,3461,1
-924,1164,1160,1253,-958,-1342,-1545,3463,1
1447,-2650,-5335,294,201,5269,-2415,3465,1
-4527,2806,2466,1179,1503,-631,1365,3467,1
1270,-991,-1575,123,-678,-514,-3055,3468,1
-81,-2026,-2586,-1874,3104,1650,2275,3469,1
-701,-1046,-1760,1643,-2845,4400,-5125,3470,1
-1062,-2149,-1630,-1127,2996,2255,2335,3471,1
-1870,-122,2619,-421,3537,-2090,2475,3476,1
-2741,-2305,1858,-1885,-962,2871,-2385,3481,1
-127,-389,-1727,284,-2628,627,-598,3482,1
-1222,-579,-2043,-294,1341,2090,-776,3483,1
123,-1625,-2542,1327,-83,2651,404,3485,1
449,60,-2282,126,984,1496,-1585,3487,1
-517,436,577,958,-1882,-2200,3375,3489,1
1923,507,215,663,201,-3168,1755,3491,1
-860,-2327,-4835,-1004,1438,4741,1745,3492,1
5334,-1113,-3238,4792,-5982,-4950,-714,3494,1
-1445,43,343,747,-591,-746,-1027,3495,1
-2656,-2628,-1999,-440,-3256,1947,-4455,3498,1
3400,1181,-2314,231,-846,-1408,-1865,3499,1
-512,-890,-1173,2075,-2888,-3190,-3255,3500,1
-3815,3374,-3716,811,378,2046,955,3501,1
-345,146,-2521,-18,1730,2728,-2115,3502,1
-1997,570,202,905,-210,1166,-495,3505,1
-3698,-1302,1880,-145,214,-719,-3645,3506,1
-2529,-2416,-1228,-496,2012,1771,3225,3508,1
-1934,978,470,1990,-771,-392,1685,3516,1
1323,246,-4444,2212,-2910,891,72,3517,1
359,864,-490,-1627,897,-3223,1475,3519,1
-1264,-634,144,-1032,4100,-173,-702,3522,1
-1838,2917,-1228,1632,-1418,-852,2135,3523,1
-892,255,-1032,-2043,-1046,188,-3075,3524,1
-3358,2037,71,-536,-1063,1188,1245,3526,1
-526,-946,-3086,1822,-2553,-2057,-4175,3527,1
3060,-868,-5183,96,-1036,1793,-402,3528,1
1934,979,93,1063,-3613,-1217,2295,3531,1
1055,518,-695,1411,973,-218,-1365,3534,1
-249,37,1782,526,-3104,-2376,-133,3535,1
1125,-1881,-2673,768,1579,946,1255,3536,1
-72,-1481,-3390,442,-1088,2981,-1235,3539,1
-2773,-846,-1032,-1777,346,2926,-2895,3540,1
89,-1291,59,442,-270,-485,242,3542,1
2635,-590,-2684,474,1503,-277,1025,3543,1
-3485,-801,-557,1390,-1003,2750,1925,3545,1
201,2449,-715,-54,324,-3278,2315,3547,1
-3506,-1236,2358,-799,182,-432,1255,3549,1
-839,515,260,937,-2217,-565,671,3550,1
876,-957,-2836,-608,-1443,2057,-2135,3552,1
-131,-746,-3271,-68,-2650,440,-3295,3557,1
-7205,-768,2097,2022,-904,3784,3355,3559,1
-680,-329,1121,120,-2304,-1611,-1285,3564,1
-2688,1076,848,1158,1568,572,1305,3566,1
2082,-157,73,2306,-4522,-1797,-1645,3569,1
1116,128,883,1464,-3115,-1042,-2935,3571,1
-2794,-185,-3542,-1518,-1391,4620,-2035,3572,1
-2890,10,-2629,-1024,-2477,2079,-2485,3574,1
-2816,1271,301,-2243,432,1727,-857,3576,1
393,1024,1078,1874,-2455,-2156,73,3578,1
-129,718,-4509,2338,-573,1243,-460,3579,1
-4665,-328,3162,93,1882,-315,4995,3580,1
106,1163,1176,979,-3375,-1067,2375,3581,1
242,-556,2151,1611,-2131,-2420,156,3585,1
-786,-260,-182,-788,-1696,913,-950,3588,1
-3039,-1570,3173,109,-381,277,-1435,3593,1
-484,-3106,-3401,-545,833,3916,945,3595,1
-2773,-1926,-567,2138,335,4499,626,3597,1
1333,-1013,-3238,463,-4522,2057,-568,3600,1
-1817,878,3901,2159,-735,-1680,455,3601,1
-296,888,-1977,-230,2012,-1844,3505,3604,1
2816,-879,4292,1853,-3580,-4917,1035,3609,1
1189,90,-3912,-126,962,968,1795,3610,1
1071,-1269,-1401,-510,1179,1375,86,3611,1
436,1092,-356,12,291,-1844,-1139,3612,1
-2869,-412,2727,705,68,-1467,2895,3615,1
1216,-590,-3966,463,995,3146,-1345,3617,1
-2646,-2772,1706,-1524,-2380,333,-4615,3619,1
-4813,-1124,2347,695,-1039,1760,1305,3620,1
-3676,208,1999,1748,-1426,-1075,5345,3623,1
-1349,2694,-5085,874,-2336,2145,1395,3625,1
-818,961,104,-1235,-2315,-619,-704,3626,1
172,-1703,1391,1611,-2585,-140,121,3627,1
-2933,648,-1162,9,-2315,407,-1235,3628,1
2114,-1280,-3477,874,-458,2860,-2305,3630,1
1191,-701,-1586,-500,540,682,-2035,3631,1
1055,1285,-2651,2823,-4359,3333,-4255,3632,1
-690,1655,1510,2001,519,-1828,1985,3633,1
-998,-913,673,537,2423,-151,3145,3634,1
-2667,-3129,822,1295,692,1034,5105,3635,1
-384,-2394,-373,1432,-1584,2585,-1955,3640,1
-129,85,57,133,1666,-1752,2735,3643,1
-1232,-2371,-1380,11,1698,3344,875,3646,1
-2529,-26,-216,1158,-1958,440,2385,3647,1
-373,-187,-485,23,-1169,-1358,1875,3648,1
-60,-1659,-604,-350,-2098,759,-2395,3654,1
-1232,2605,-4151,85,-1812,902,228,3656,1
-3145,415,-1836,-202,-2791,2772,64,3657,1
-935,-2572,1137,-1551,-4403,1441,-2145,3658,1
-1190,-2193,-5151,-910,2812,5148,2885,3662,1
1997,1726,-1467,1759,-1215,-1555,1745,3665,1
151,-824,3075,273,-1834,-3916,-2125,3666,1
-998,-111,-4520,-42,-2282,1738,-2795,3667,1
-4,-1202,-3140,1443,-1177,1320,-2305,3670,1
1399,-1559,161,1432,-2899,-1620,-1189,3671,1
1859,963,-1021,958,-245,-3487,1995,3673,1
-523,-87,-460,-788,-2563,627,-763,3674,1
2401,1819,-1325,-146,-422,1287,2705,3675,1
-711,1164,-4629,316,-334,1870,-1575,3676,1
1023,-320,-1260,1938,-1333,-304,-335,3678,1
-227,871,614,-1419,1752,-3509,2425,3680,1
-331,-1392,1445,368,-4424,-2068,-1815,3681,1
-470,2672,1041,-156,-2390,-1498,2385,3682,1
3113,-2126,-2564,-1785,1633,-3630,5285,3683,1
1368,1327,-2423,1959,254,288,-79,3684,1
-617,-220,-1217,1558,-3537,-2420,-2205,3686,1
-2348,1191,3379,-1039,1482,-55,749,3687,1
336,255,232,-83,1016,-3058,3395,3690,1
2646,-423,1923,-345,1752,-1013,-350,3693,1
3581,-1481,-4803,-1348,2239,2090,-3255,3701,1
-3294,936,2260,-1938,595,396,-1014,3703,1
1161,-2383,-2140,-266,1254,616,-829,3705,1
1257,-2694,-233,-467,-2477,-174,-3545,3706,1
1710,-3307,-1249,-58,-4511,-691,-4505,3707,1
-2252,85,1782,-4,-78,-251,-752,3709,1
808,-1726,231,1011,-1936,1694,524,3713,1
-467,2360,-69,358,-654,836,3015,3715,1
620,-23,727,-2,245,-2464,1305,3716,1
413,-3006,553,3823,-3613,-2398,-1795,3720,1
-3219,-3797,-2282,-73,-2044,3366,-5515,3721,1
411,-2928,-3086,600,-4035,2222,-3125,3722,1
-998,1546,704,1116,1774,-288,1255,3723,1
-850,1740,-5303,684,-3364,1562,-207,3731,1
1477,-1247,-1293,182,-923,-998,2195,3733,1
-199,-1614,587,1011,-1046,671,-207,3734,1
-263,369,-3021,-632,-5225,880,-1016,3737,1
1080,-412,-2868,3886,-4035,-2112,-740,3738,1
-414,-489,-3923,-515,-2369,1705,-2995,3741,1
-1838,749,428,442,2715,-108,2205,3743,1
-4930,-3608,921,-688,2142,2288,5495,3744,1
557,-567,-1,-739,-1748,-1151,-2515,3745,1
1058,-579,-2836,-367,2661,1320,-296,3748,1
-466,-1158,-584,516,-1305,671,-190,3749,1
-1498,-12,1351,484,335,-639,1595,3751,1
-1774,299,-2651,1011,-1746,3399,1035,3753,1
356,-3262,3108,2212,-441,-1081,-1585,3754,1
1,448,-3010,-227,595,2651,-653,3763,1
160,768,-234,1053,-5160,-1344,1555,3769,1
-3389,-1369,-1793,-526,-3927,3047,-2105,3770,1
793,1619,-2803,1990,1590,-621,-122,3773,1
914,-1481,-1325,632,400,759,-2355,3774,1
-373,-1280,-1238,790,1319,-309,3545,3776,1
-2061,1550,1456,60,84,-201,-1525,3777,1
-1434,-2572,638,-960,-1693,880,-3545,3778,1
-2295,-846,-923,-226,1968,294,3415,3779,1
1679,973,-3184,1738,-4933,178,1925,3781,1
116,-478,-2586,2190,-3667,-1309,-1685,3784,1
-4038,-1147,238,215,486,726,-3535,3786,1
812,348,1286,3360,-2823,-3278,2005,3787,1
3804,-1904,-6792,-759,-40,2717,-1063,3789,1
-2274,-523,-1336,-452,209,1254,-2845,3794,1
290,-109,-2108,1495,-1717,-336,-900,3795,1
-1838,-90,-290,768,-1755,473,-499,3796,1
-1742,74,-565,-268,-620,-1128,2285,3801,1
-2816,-445,-466,2106,-643,1463,2415,3802,1
-1965,-2071,-1673,-1959,-861,3113,-4405,3803,1
-1083,-2193,265,-2770,-2758,2519,-3115,3804,1
-1158,2605,-5368,2528,-4338,231,1475,3806,1
1072,-512,3162,1927,-142,-1006,2235,3808,1
-2879,-1737,-2369,-1136,389,1683,-5995,3811,1
279,975,529,252,-4078,-1285,-1515,3812,1
-2008,2049,-2727,-1674,-1120,3003,435,3813,1
2210,1791,-4183,-1672,3743,-257,-1555,3814,1
-1997,973,1236,70,995,-1991,3635,3815,1
1817,657,-4618,-199,-5062,891,-475,3816,1
947,-991,-967,-2022,2228,-2486,2805,3820,1
3602,-1325,-2619,1590,-4651,50,-255,3821,1
-3251,850,1298,216,1006,539,8,3822,1
1166,-41,-1554,-158,-590,-2145,74,3825,1
-2720,1311,-4205,695,-348,2409,-758,3826,1
1636,-2995,-1032,1264,-4056,814,-1575,3827,1
684,-1291,158,242,-1849,-1434,-2645,3829,1
56,-378,-891,926,-1990,-702,-1365,3833,1
-1062,-276,-719,-701,811,-543,688,3834,1
629,-1302,-3825,-1009,2845,1133,2485,3838,1
-945,-1369,936,202,1795,-517,2115,3839,1
1302,-1102,-4759,-1306,1395,2310,-696,3841,1
-1817,-1781,-1999,642,-1249,3223,-38,3843,1
269,-177,-1130,-1948,111,3454,-349,3845,1
-11,-2037,-2521,-510,2996,1749,3255,3846,1
609,16,-1695,2707,-1914,-1914,-990,3847,1
721,-902,951,1306,-1597,-2453,-1585,3850,1
-393,-82,-2662,-1582,-1330,2387,-2035,3851,1
-1041,1119,677,146,-2304,-1345,435,3853,1
3134,-267,-2347,-1239,2423,-2189,2115,3854,1
-595,-1948,1488,337,-1240,-95,-1885,3855,1
-1062,-133,70,-1371,3656,-2926,4155,3860,1
-2454,1366,962,2011,-3029,-561,762,3861,1
206,325,-2999,194,-2888,1540,-245,3862,1
-214,-3240,1197,105,-1223,160,-3655,3867,1
-2316,-991,-2510,-151,3288,3729,1145,3869,1
-2040,-1280,-1336,-757,2704,1650,1025,3870,1
-1052,172,480,-902,2845,223,-1345,3871,1
204,-1659,-4542,1137,-1713,2266,-3125,3872,1
-485,-1547,-2064,2222,-1237,4741,-2755,3875,1
-2731,3,-1673,-468,-3169,1298,-1525,3876,1
1647,-590,-1412,1021,-6966,-981,162,3880,1
-4569,-2483,1814,-327,1806,649,4935,3881,1
-1498,-1926,585,621,-1080,1100,661,3884,1
1849,-601,-633,2054,-3559,-3047,-1255,3886,1
-1285,-946,-2206,-301,476,3762,-1595,3887,1
-3166,24,615,-1008,1449,-1188,2405,3888,1
-1158,75,-869,-475,-483,2596,81,3889,1
523,1364,-673,-574,-1106,-1458,-781,3890,1
-2507,-56,186,316,1244,255,3055,3891,1
-839,-1681,-1738,-906,357,957,-4785,3892,1
-307,1148,-1162,948,259,539,747,3893,1
-2019,-239,-306,1548,-616,1254,1195,3894,1
-3049,528,1554,1232,-1712,-68,1165,3897,1
-3304,747,3260,1506,-2726,-1130,1395,3899,1
443,-1514,-1575,1032,1049,1265,2555,3900,1
-988,-879,-1619,-719,1904,293,3375,3903,1
3347,-3418,253,3823,-5506,-3674,-1685,3904,1
-1562,-668,-3542,-1423,1622,4103,-3425,3905,1
573,-55,-616,225,-458,1353,332,3906,1
80,1724,1684,2180,-1184,-2706,2575,3907,1
170,-1414,296,2665,-3699,1573,-2045,3909,1
-924,-1492,-2227,-771,2044,2024,1615,3914,1
-4707,-3752,1336,2475,-1016,3058,5945,3917,1
-1243,-2338,-615,-1187,-4770,1023,-3495,3918,1
3219,638,-3781,1537,-3418,1320,-4195,3924,1
-2773,2416,1825,1601,-1304,-1370,2805,3926,1
-1105,-1247,-667,400,-982,1837,214,3928,1
-2221,654,-2184,1590,-760,1936,1055,3929,1
1123,-2639,-2858,-135,3213,2398,62,3932,1
-2369,-1837,-490,-1091,-1788,3113,-2335,3934,1
-437,-1636,442,1716,-1772,-1991,-2685,3936,1
174,432,-4901,2201,-2834,2970,-425,3937,1
-279,843,-487,-1037,3689,-2332,3935,3938,1
-1158,1566,1308,1,1211,-2915,2065,3940,1
415,-1158,638,737,389,-979,975,3941,1
-2422,-612,1423,1706,16,2046,-1068,3945,1
-797,-2383,-4998,-863,4110,5951,309,3947,1
-2348,298,743,305,-596,704,-266,3948,1
-1636,-2917,-858,-1356,-994,1298,-5575,3949,1
-2157,144,-4683,242,-3191,1441,-2705,3954,1
4739,1427,1298,5266,-3602,-5907,4495,3957,1
866,1080,-1858,-399,2477,-355,-943,3959,1
-1572,179,-255,410,1341,913,-85,3963,1
3666,-757,-5390,-517,1406,19,235,3964,1
251,-512,-825,674,180,-413,1065,3966,1
-1253,-2271,-775,-478,2087,847,3125,3967,1
-268,649,-5401,-1457,-864,5060,-898,3968,1
734,836,-114,121,-1433,-1556,-309,3972,1
-3081,-2650,1007,2,-1151,-16,-4665,3975,1
-163,1757,-1217,842,319,-1665,2225,3976,1
-504,13,-1630,1148,-2282,1771,-968,3977,1
-4282,831,-1532,-659,-2174,1815,-1108,3979,1
578,-1102,257,170,-1990,-3,-1785,3981,1
-492,1272,-634,747,-3148,-1255,531,3984,1
147,11,-1782,-128,1233,-238,1265,3985,1
-3900,-690,1771,113,822,1012,1025,3987,1
-1583,2483,-2792,-1376,-1409,715,-590,3988,1
-2029,505,-1564,165,-2261,2816,855,3989,1
-1094,89,-1814,1095,1049,1012,-1183,3990,1
2008,364,-3205,589,-25,-641,-1140,3993,1
456,-434,-3749,-323,1081,1705,-57,3995,1
-2401,-1625,-2369,-129,1622,4477,-1525,3997,1
